nm,imtm,uptm,stti,status,cost,entm
dws_element_virtual_stat,2025/8/26 9:02,2025/8/26 9:07,2025/8/26 9:02,FINISH,271810,2025/8/26 9:07
dws_archive_bank_info,2025/8/26 9:06,2025/8/26 9:10,2025/8/26 9:06,FINISH,218800,2025/8/26 9:10
dwd_archive_fax,2025/8/26 9:06,2025/8/26 9:10,2025/8/26 9:06,FINISH,228975,2025/8/26 9:10
dwd_archive_others_lis,2025/8/26 9:06,2025/8/26 9:19,2025/8/26 9:07,FINISH,711019,2025/8/26 9:18
dws_element_virtual_region_d,2025/8/26 9:07,2025/8/26 9:16,2025/8/26 9:07,FINISH,526451,2025/8/26 9:16
dws_e_mobile_radius_info,2025/8/26 9:08,2025/8/26 9:19,2025/8/26 9:08,FINISH,585686,2025/8/26 9:18
dws_e_fixed_radius_info,2025/8/26 9:09,2025/8/26 9:15,2025/8/26 9:09,FINISH,341691,2025/8/26 9:15
dws_t_app_visit_h,2025/8/26 9:10,2025/8/26 9:20,2025/8/26 9:10,FINISH,553901,2025/8/26 9:20
dws_e_fixed_ip_info,2025/8/26 9:10,2025/8/26 9:21,2025/8/26 9:11,FINISH,580559,2025/8/26 9:20
dwd_archive_remote_lis,2025/8/26 9:11,2025/8/26 9:19,2025/8/26 9:11,FINISH,464751,2025/8/26 9:19
dwd_archive_http_lis,2025/8/26 9:11,2025/8/26 9:21,2025/8/26 9:11,FINISH,559705,2025/8/26 9:21
dwd_archive_nf_other_log,2025/8/26 9:11,2025/8/26 9:23,2025/8/26 9:11,FINISH,690460,2025/8/26 9:23
dws_e_custom_user_info,2025/8/26 9:11,2025/8/26 9:26,2025/8/26 9:12,FINISH,798448,2025/8/26 9:26
dws_archive_email_phone_extrat,2025/8/26 9:12,2025/8/26 9:21,2025/8/26 9:12,FINISH,480949,2025/8/26 9:20
dwd_archive_call,2025/8/26 9:12,2025/8/26 9:21,2025/8/26 9:12,FINISH,501575,2025/8/26 9:21
dws_element_nf_protocol_info_h,2025/8/26 9:12,2025/8/26 9:24,2025/8/26 9:13,FINISH,691765,2025/8/26 9:24
dws_archive_email_behavior,2025/8/26 9:12,2025/8/26 9:26,2025/8/26 9:13,FINISH,824962,2025/8/26 9:26
dwd_archive_ftp_lis,2025/8/26 9:13,2025/8/26 9:22,2025/8/26 9:14,FINISH,482308,2025/8/26 9:22
dws_archive_email_nickname,2025/8/26 9:13,2025/8/26 9:24,2025/8/26 9:14,FINISH,638707,2025/8/26 9:24
dwd_archive_nf_url,2025/8/26 9:13,2025/8/26 9:25,2025/8/26 9:14,FINISH,705260,2025/8/26 9:25
dws_t_app_blocking_h,2025/8/26 9:13,2025/8/26 9:25,2025/8/26 9:14,FINISH,611728,2025/8/26 9:24
dws_archive_block_theme,2025/8/26 9:14,2025/8/26 9:28,2025/8/26 9:15,FINISH,825305,2025/8/26 9:28
dws_archive_radius_theme_info,2025/8/26 9:14,2025/8/26 9:31,2025/8/26 9:15,FINISH,963499,2025/8/26 9:31
dws_element_radius_auth_record,2025/8/26 9:15,2025/8/26 9:30,2025/8/26 9:16,FINISH,836907,2025/8/26 9:30
dws_archive_connect_info,2025/8/26 9:15,2025/8/26 9:27,2025/8/26 9:16,FINISH,658423,2025/8/26 9:27
dwd_archive_tool_lis,2025/8/26 9:16,2025/8/26 9:25,2025/8/26 9:17,FINISH,484604,2025/8/26 9:25
dws_archive_email_password,2025/8/26 9:16,2025/8/26 9:25,2025/8/26 9:17,FINISH,516405,2025/8/26 9:25
dwd_archive_sms,2025/8/26 9:17,2025/8/26 9:26,2025/8/26 9:18,FINISH,501520,2025/8/26 9:26
dws_archive_im_behavior,2025/8/26 9:17,2025/8/26 9:26,2025/8/26 9:18,FINISH,484733,2025/8/26 9:26
dws_element_phone_region_day,2025/8/26 9:17,2025/8/26 9:29,2025/8/26 9:18,FINISH,682816,2025/8/26 9:29
dws_archive_flight_info,2025/8/26 9:18,2025/8/26 9:29,2025/8/26 9:19,FINISH,575191,2025/8/26 9:28
dws_archive_app_block_hour,2025/8/26 9:18,2025/8/26 9:26,2025/8/26 9:19,FINISH,455806,2025/8/26 9:26
dws_archive_call_internet_info,2025/8/26 9:19,2025/8/26 9:36,2025/8/26 9:20,FINISH,922117,2025/8/26 9:36
ads_archive_im_statistics,2025/8/26 9:20,2025/8/26 9:31,2025/8/26 9:21,FINISH,638815,2025/8/26 9:31
dws_archive_virtual_target,2025/8/26 9:20,2025/8/26 9:33,2025/8/26 9:21,FINISH,638289,2025/8/26 9:31
dws_archive_attach_info,2025/8/26 9:20,2025/8/26 9:34,2025/8/26 9:21,FINISH,772686,2025/8/26 9:34
ads_stats_behavior_h,2025/8/26 9:20,2025/8/26 9:32,2025/8/26 9:22,FINISH,616785,2025/8/26 9:32
dws_archive_lis_info_hour,2025/8/26 9:21,2025/8/26 9:38,2025/8/26 9:22,FINISH,946613,2025/8/26 9:38
dws_archive_call_chat_info,2025/8/26 9:21,2025/8/26 9:36,2025/8/26 9:23,FINISH,778529,2025/8/26 9:36
dws_element_domain_region_day,2025/8/26 9:22,2025/8/26 9:33,2025/8/26 9:23,FINISH,636739,2025/8/26 9:33
dwd_archive_voip_lis,2025/8/26 9:22,2025/8/26 9:32,2025/8/26 9:23,FINISH,569156,2025/8/26 9:32
dws_archive_high_freq_words,2025/8/26 9:22,2025/8/26 9:31,2025/8/26 9:23,FINISH,499860,2025/8/26 9:31
dwd_archive_vpn_other_log,2025/8/26 9:23,2025/8/26 9:32,2025/8/26 9:24,FINISH,501461,2025/8/26 9:32
dws_t_app_info,2025/8/26 9:23,2025/8/26 9:35,2025/8/26 9:24,FINISH,657159,2025/8/26 9:35
dws_t_app_visit_h_top,2025/8/26 9:23,2025/8/26 9:32,2025/8/26 9:24,FINISH,501963,2025/8/26 9:32
dws_archive_app_theme_info,2025/8/26 9:24,2025/8/26 9:36,2025/8/26 9:25,FINISH,633908,2025/8/26 9:36
dwd_archive_email_lis,2025/8/26 9:25,2025/8/26 9:34,2025/8/26 9:26,FINISH,492726,2025/8/26 9:34
ads_archive_email_statistics,2025/8/26 9:25,2025/8/26 9:41,2025/8/26 9:26,FINISH,844701,2025/8/26 9:40
ads_stats_blocking_h,2025/8/26 9:25,2025/8/26 9:36,2025/8/26 9:26,FINISH,539093,2025/8/26 9:35
dwd_archive_im_lis,2025/8/26 9:26,2025/8/26 9:35,2025/8/26 9:27,FINISH,495678,2025/8/26 9:35
dws_archive_vpn_info_hour,2025/8/26 9:26,2025/8/26 9:38,2025/8/26 9:27,FINISH,670874,2025/8/26 9:38
dws_er_user_ip,2025/8/26 9:26,2025/8/26 9:39,2025/8/26 9:28,FINISH,681058,2025/8/26 9:39
dwd_archive_vpn_lis,2025/8/26 9:27,2025/8/26 9:36,2025/8/26 9:28,FINISH,511455,2025/8/26 9:36
dws_element_app_region_day,2025/8/26 9:27,2025/8/26 9:39,2025/8/26 9:28,FINISH,659149,2025/8/26 9:39
dws_e_user_group_info,2025/8/26 9:27,2025/8/26 9:39,2025/8/26 9:28,FINISH,665245,2025/8/26 9:39
dws_archive_connection_day,2025/8/26 9:28,2025/8/26 9:38,2025/8/26 9:29,FINISH,489331,2025/8/26 9:37
dws_archive_web_theme_info,2025/8/26 9:28,2025/8/26 9:39,2025/8/26 9:29,FINISH,599978,2025/8/26 9:39
dwd_archive_vpn_url,2025/8/26 9:29,2025/8/26 9:38,2025/8/26 9:30,FINISH,492310,2025/8/26 9:38
dws_t_protocol_stats_h,2025/8/26 9:29,2025/8/26 9:47,2025/8/26 9:30,FINISH,918653,2025/8/26 9:46
dws_archive_block_daily,2025/8/26 9:31,2025/8/26 9:41,2025/8/26 9:32,FINISH,509779,2025/8/26 9:40
dws_archive_nf_info_hour,2025/8/26 9:31,2025/8/26 9:41,2025/8/26 9:32,FINISH,575875,2025/8/26 9:41
dws_archive_radius_vir_hour,2025/8/26 9:32,2025/8/26 9:41,2025/8/26 9:33,FINISH,466871,2025/8/26 9:41
ads_stats_behavior_h_top,2025/8/26 9:33,2025/8/26 9:42,2025/8/26 9:34,FINISH,458416,2025/8/26 9:42
dws_archive_radius_app_hour,2025/8/26 9:34,2025/8/26 9:43,2025/8/26 9:35,FINISH,433496,2025/8/26 9:42
dws_archive_attach_day,2025/8/26 9:35,2025/8/26 9:43,2025/8/26 9:36,FINISH,416355,2025/8/26 9:43
dws_archive_call_app_hour,2025/8/26 9:36,2025/8/26 9:45,2025/8/26 9:37,FINISH,448028,2025/8/26 9:45
ads_archive_radius_statistics,2025/8/26 9:36,2025/8/26 9:49,2025/8/26 9:38,FINISH,662138,2025/8/26 9:49
dws_archive_app_behavior_hour,2025/8/26 9:36,2025/8/26 9:45,2025/8/26 9:37,FINISH,419673,2025/8/26 9:44
dwd_archive_nf_other_log_day,2025/8/26 9:37,2025/8/26 9:58,2025/8/26 9:38,FINISH,1238743,2025/8/26 9:58
dws_archive_call_virtual_hour,2025/8/26 9:38,2025/8/26 9:47,2025/8/26 9:39,FINISH,428791,2025/8/26 9:47
ads_archive_app_behavior_daily,2025/8/26 9:39,2025/8/26 9:47,2025/8/26 9:39,FINISH,457551,2025/8/26 9:47
dws_archive_radius_be_hour,2025/8/26 9:39,2025/8/26 9:47,2025/8/26 9:40,FINISH,414458,2025/8/26 9:46
ads_archive_web_imp_target,2025/8/26 9:40,2025/8/26 9:47,2025/8/26 9:41,FINISH,399227,2025/8/26 9:47
dws_archive_call_behavior_day,2025/8/26 9:40,2025/8/26 9:48,2025/8/26 9:41,FINISH,401371,2025/8/26 9:48
ads_archive_app_imp_target,2025/8/26 9:41,2025/8/26 9:48,2025/8/26 9:41,FINISH,406687,2025/8/26 9:48
ads_archive_web_statistics,2025/8/26 9:42,2025/8/26 9:49,2025/8/26 9:43,FINISH,385238,2025/8/26 9:49
ads_archive_app_ip_daily,2025/8/26 9:42,2025/8/26 9:50,2025/8/26 9:43,FINISH,388195,2025/8/26 9:50
dws_archive_call_behavior_hour,2025/8/26 9:42,2025/8/26 9:51,2025/8/26 9:43,FINISH,458978,2025/8/26 9:51
ads_archive_web_ip_daily,2025/8/26 9:44,2025/8/26 9:50,2025/8/26 9:44,FINISH,340127,2025/8/26 9:50
ads_archive_app_statistics,2025/8/26 9:44,2025/8/26 9:51,2025/8/26 9:45,FINISH,330795,2025/8/26 9:51
ads_archive_call_statistics,2025/8/26 9:44,2025/8/26 9:53,2025/8/26 9:46,FINISH,444056,2025/8/26 9:53
dws_archive_web_behavior_hour,2025/8/26 9:45,2025/8/26 9:51,2025/8/26 9:46,FINISH,286882,2025/8/26 9:51
ads_stats_detail_h,2025/8/26 9:47,2025/8/26 9:52,2025/8/26 9:48,FINISH,255284,2025/8/26 9:52
ads_archive_web_behavior_daily,2025/8/26 9:47,2025/8/26 9:53,2025/8/26 9:48,FINISH,284588,2025/8/26 9:53
dws_element_virtual_stat,2025/8/26 10:02,2025/8/26 10:07,2025/8/26 10:02,FINISH,274131,2025/8/26 10:07
dws_archive_bank_info,2025/8/26 10:06,2025/8/26 10:10,2025/8/26 10:06,FINISH,218308,2025/8/26 10:10
dwd_archive_fax,2025/8/26 10:06,2025/8/26 10:10,2025/8/26 10:06,FINISH,239202,2025/8/26 10:10
dwd_archive_others_lis,2025/8/26 10:06,2025/8/26 10:20,2025/8/26 10:07,FINISH,780928,2025/8/26 10:20
dws_element_virtual_region_d,2025/8/26 10:07,2025/8/26 10:17,2025/8/26 10:07,FINISH,553453,2025/8/26 10:16
dws_e_mobile_radius_info,2025/8/26 10:08,2025/8/26 10:19,2025/8/26 10:08,FINISH,591025,2025/8/26 10:18
dws_e_fixed_radius_info,2025/8/26 10:09,2025/8/26 10:16,2025/8/26 10:09,FINISH,380510,2025/8/26 10:16
dws_t_app_visit_h,2025/8/26 10:10,2025/8/26 10:20,2025/8/26 10:11,FINISH,574131,2025/8/26 10:20
dws_e_fixed_ip_info,2025/8/26 10:10,2025/8/26 10:24,2025/8/26 10:11,FINISH,742235,2025/8/26 10:23
dwd_archive_remote_lis,2025/8/26 10:11,2025/8/26 10:19,2025/8/26 10:11,FINISH,436374,2025/8/26 10:18
dwd_archive_http_lis,2025/8/26 10:11,2025/8/26 10:22,2025/8/26 10:11,FINISH,612973,2025/8/26 10:21
dwd_archive_nf_other_log,2025/8/26 10:11,2025/8/26 10:24,2025/8/26 10:11,FINISH,767911,2025/8/26 10:24
dws_e_custom_user_info,2025/8/26 10:11,2025/8/26 10:23,2025/8/26 10:12,FINISH,652171,2025/8/26 10:23
dws_archive_email_phone_extrat,2025/8/26 10:12,2025/8/26 10:21,2025/8/26 10:12,FINISH,484846,2025/8/26 10:20
dwd_archive_call,2025/8/26 10:12,2025/8/26 10:21,2025/8/26 10:12,FINISH,484295,2025/8/26 10:20
dws_archive_email_behavior,2025/8/26 10:12,2025/8/26 10:26,2025/8/26 10:13,FINISH,812131,2025/8/26 10:26
dws_element_nf_protocol_info_h,2025/8/26 10:12,2025/8/26 10:26,2025/8/26 10:13,FINISH,814083,2025/8/26 10:26
dwd_archive_ftp_lis,2025/8/26 10:13,2025/8/26 10:22,2025/8/26 10:14,FINISH,485386,2025/8/26 10:22
dws_archive_email_nickname,2025/8/26 10:13,2025/8/26 10:24,2025/8/26 10:14,FINISH,639781,2025/8/26 10:24
dwd_archive_nf_url,2025/8/26 10:13,2025/8/26 10:26,2025/8/26 10:14,FINISH,718232,2025/8/26 10:26
dws_t_app_blocking_h,2025/8/26 10:13,2025/8/26 10:28,2025/8/26 10:14,FINISH,797329,2025/8/26 10:27
dws_archive_block_theme,2025/8/26 10:14,2025/8/26 10:26,2025/8/26 10:15,FINISH,678803,2025/8/26 10:26
dws_archive_radius_theme_info,2025/8/26 10:14,2025/8/26 10:33,2025/8/26 10:15,FINISH,1037195,2025/8/26 10:32
dws_element_radius_auth_record,2025/8/26 10:15,2025/8/26 10:32,2025/8/26 10:16,FINISH,928189,2025/8/26 10:31
dws_archive_connect_info,2025/8/26 10:15,2025/8/26 10:27,2025/8/26 10:16,FINISH,667545,2025/8/26 10:27
dwd_archive_tool_lis,2025/8/26 10:16,2025/8/26 10:25,2025/8/26 10:17,FINISH,521488,2025/8/26 10:25
dws_archive_email_password,2025/8/26 10:16,2025/8/26 10:25,2025/8/26 10:17,FINISH,518813,2025/8/26 10:25
dwd_archive_sms,2025/8/26 10:17,2025/8/26 10:26,2025/8/26 10:18,FINISH,516727,2025/8/26 10:26
dws_archive_im_behavior,2025/8/26 10:17,2025/8/26 10:26,2025/8/26 10:18,FINISH,520959,2025/8/26 10:26
dws_element_phone_region_day,2025/8/26 10:17,2025/8/26 10:32,2025/8/26 10:18,FINISH,854961,2025/8/26 10:32
dws_archive_app_block_hour,2025/8/26 10:18,2025/8/26 10:29,2025/8/26 10:19,FINISH,613326,2025/8/26 10:29
dws_archive_flight_info,2025/8/26 10:18,2025/8/26 10:28,2025/8/26 10:19,FINISH,504012,2025/8/26 10:27
dws_archive_call_internet_info,2025/8/26 10:19,2025/8/26 10:38,2025/8/26 10:20,FINISH,1030869,2025/8/26 10:37
ads_archive_im_statistics,2025/8/26 10:20,2025/8/26 10:32,2025/8/26 10:21,FINISH,673961,2025/8/26 10:32
dws_archive_virtual_target,2025/8/26 10:20,2025/8/26 10:33,2025/8/26 10:21,FINISH,671911,2025/8/26 10:32
dws_archive_attach_info,2025/8/26 10:20,2025/8/26 10:36,2025/8/26 10:21,FINISH,885094,2025/8/26 10:36
dws_archive_lis_info_hour,2025/8/26 10:21,2025/8/26 10:38,2025/8/26 10:22,FINISH,963291,2025/8/26 10:38
ads_stats_behavior_h,2025/8/26 10:21,2025/8/26 10:30,2025/8/26 10:22,FINISH,510085,2025/8/26 10:30
dws_archive_call_chat_info,2025/8/26 10:21,2025/8/26 10:37,2025/8/26 10:23,FINISH,817992,2025/8/26 10:36
dws_element_domain_region_day,2025/8/26 10:22,2025/8/26 10:33,2025/8/26 10:23,FINISH,621699,2025/8/26 10:33
dws_archive_high_freq_words,2025/8/26 10:22,2025/8/26 10:33,2025/8/26 10:23,FINISH,619498,2025/8/26 10:33
dwd_archive_voip_lis,2025/8/26 10:22,2025/8/26 10:32,2025/8/26 10:23,FINISH,583963,2025/8/26 10:32
dwd_archive_vpn_other_log,2025/8/26 10:23,2025/8/26 10:34,2025/8/26 10:24,FINISH,594611,2025/8/26 10:34
dws_t_app_info,2025/8/26 10:23,2025/8/26 10:35,2025/8/26 10:24,FINISH,655324,2025/8/26 10:35
dws_t_app_visit_h_top,2025/8/26 10:23,2025/8/26 10:33,2025/8/26 10:24,FINISH,503767,2025/8/26 10:33
dws_archive_app_theme_info,2025/8/26 10:24,2025/8/26 10:36,2025/8/26 10:25,FINISH,660198,2025/8/26 10:36
dws_er_user_ip,2025/8/26 10:24,2025/8/26 10:39,2025/8/26 10:26,FINISH,801821,2025/8/26 10:39
dwd_archive_email_lis,2025/8/26 10:25,2025/8/26 10:36,2025/8/26 10:26,FINISH,629175,2025/8/26 10:36
ads_archive_email_statistics,2025/8/26 10:25,2025/8/26 10:39,2025/8/26 10:26,FINISH,733754,2025/8/26 10:38
dwd_archive_im_lis,2025/8/26 10:26,2025/8/26 10:35,2025/8/26 10:27,FINISH,497628,2025/8/26 10:35
dws_archive_vpn_info_hour,2025/8/26 10:26,2025/8/26 10:37,2025/8/26 10:27,FINISH,620988,2025/8/26 10:37
dwd_archive_vpn_lis,2025/8/26 10:27,2025/8/26 10:38,2025/8/26 10:28,FINISH,604145,2025/8/26 10:38
dws_element_app_region_day,2025/8/26 10:27,2025/8/26 10:41,2025/8/26 10:28,FINISH,781336,2025/8/26 10:41
dws_e_user_group_info,2025/8/26 10:27,2025/8/26 10:39,2025/8/26 10:28,FINISH,673012,2025/8/26 10:39
dws_archive_connection_day,2025/8/26 10:28,2025/8/26 10:39,2025/8/26 10:29,FINISH,591055,2025/8/26 10:39
dws_archive_web_theme_info,2025/8/26 10:28,2025/8/26 10:41,2025/8/26 10:29,FINISH,726285,2025/8/26 10:41
ads_stats_blocking_h,2025/8/26 10:28,2025/8/26 10:37,2025/8/26 10:29,FINISH,472771,2025/8/26 10:37
dwd_archive_vpn_url,2025/8/26 10:29,2025/8/26 10:38,2025/8/26 10:30,FINISH,481744,2025/8/26 10:38
dws_t_protocol_stats_h,2025/8/26 10:29,2025/8/26 10:47,2025/8/26 10:30,FINISH,968769,2025/8/26 10:46
dws_archive_block_daily,2025/8/26 10:31,2025/8/26 10:40,2025/8/26 10:32,FINISH,474467,2025/8/26 10:40
dws_archive_nf_info_hour,2025/8/26 10:31,2025/8/26 10:41,2025/8/26 10:32,FINISH,566234,2025/8/26 10:41
dws_archive_radius_vir_hour,2025/8/26 10:33,2025/8/26 10:42,2025/8/26 10:34,FINISH,444583,2025/8/26 10:42
ads_stats_behavior_h_top,2025/8/26 10:33,2025/8/26 10:42,2025/8/26 10:34,FINISH,440909,2025/8/26 10:42
dws_archive_radius_app_hour,2025/8/26 10:35,2025/8/26 10:43,2025/8/26 10:37,FINISH,406824,2025/8/26 10:43
dws_archive_attach_day,2025/8/26 10:37,2025/8/26 10:44,2025/8/26 10:38,FINISH,394575,2025/8/26 10:44
dws_archive_app_behavior_hour,2025/8/26 10:37,2025/8/26 10:44,2025/8/26 10:38,FINISH,390525,2025/8/26 10:44
dws_archive_call_behavior_day,2025/8/26 10:37,2025/8/26 10:45,2025/8/26 10:38,FINISH,402439,2025/8/26 10:45
ads_archive_radius_statistics,2025/8/26 10:38,2025/8/26 10:47,2025/8/26 10:39,FINISH,487238,2025/8/26 10:47
ads_archive_app_behavior_daily,2025/8/26 10:39,2025/8/26 10:47,2025/8/26 10:40,FINISH,454677,2025/8/26 10:47
dws_archive_call_app_hour,2025/8/26 10:39,2025/8/26 10:49,2025/8/26 10:40,FINISH,491812,2025/8/26 10:49
dws_archive_radius_be_hour,2025/8/26 10:40,2025/8/26 10:47,2025/8/26 10:40,FINISH,391544,2025/8/26 10:47
ads_archive_app_imp_target,2025/8/26 10:41,2025/8/26 10:48,2025/8/26 10:41,FINISH,381777,2025/8/26 10:48
dws_archive_call_behavior_hour,2025/8/26 10:41,2025/8/26 10:50,2025/8/26 10:42,FINISH,479472,2025/8/26 10:50
ads_archive_web_imp_target,2025/8/26 10:42,2025/8/26 10:49,2025/8/26 10:43,FINISH,385587,2025/8/26 10:49
ads_archive_app_ip_daily,2025/8/26 10:42,2025/8/26 10:49,2025/8/26 10:43,FINISH,360143,2025/8/26 10:49
dws_archive_call_virtual_hour,2025/8/26 10:43,2025/8/26 10:50,2025/8/26 10:44,FINISH,360328,2025/8/26 10:50
ads_archive_web_statistics,2025/8/26 10:43,2025/8/26 10:50,2025/8/26 10:44,FINISH,335686,2025/8/26 10:50
ads_archive_app_statistics,2025/8/26 10:44,2025/8/26 10:51,2025/8/26 10:45,FINISH,331230,2025/8/26 10:51
ads_archive_call_statistics,2025/8/26 10:45,2025/8/26 10:54,2025/8/26 10:46,FINISH,471903,2025/8/26 10:54
ads_archive_web_ip_daily,2025/8/26 10:45,2025/8/26 10:52,2025/8/26 10:46,FINISH,323502,2025/8/26 10:51
dws_archive_web_behavior_hour,2025/8/26 10:47,2025/8/26 10:52,2025/8/26 10:48,FINISH,266615,2025/8/26 10:52
ads_stats_detail_h,2025/8/26 10:48,2025/8/26 10:52,2025/8/26 10:48,FINISH,239022,2025/8/26 10:52
ads_archive_web_behavior_daily,2025/8/26 10:49,2025/8/26 10:54,2025/8/26 10:49,FINISH,271253,2025/8/26 10:54
dws_element_virtual_stat,2025/8/26 11:02,2025/8/26 11:07,2025/8/26 11:02,FINISH,272132,2025/8/26 11:07
dwd_archive_fax,2025/8/26 11:06,2025/8/26 11:10,2025/8/26 11:06,FINISH,218220,2025/8/26 11:10
dws_archive_bank_info,2025/8/26 11:06,2025/8/26 11:10,2025/8/26 11:06,FINISH,248614,2025/8/26 11:10
dwd_archive_others_lis,2025/8/26 11:06,2025/8/26 11:19,2025/8/26 11:07,FINISH,710946,2025/8/26 11:18
dws_element_virtual_region_d,2025/8/26 11:07,2025/8/26 11:14,2025/8/26 11:07,FINISH,386866,2025/8/26 11:14
dws_e_mobile_radius_info,2025/8/26 11:08,2025/8/26 11:15,2025/8/26 11:08,FINISH,391682,2025/8/26 11:15
dws_e_fixed_radius_info,2025/8/26 11:09,2025/8/26 11:16,2025/8/26 11:09,FINISH,366672,2025/8/26 11:15
dws_t_app_visit_h,2025/8/26 11:10,2025/8/26 11:20,2025/8/26 11:10,FINISH,562395,2025/8/26 11:20
dws_e_fixed_ip_info,2025/8/26 11:10,2025/8/26 11:21,2025/8/26 11:11,FINISH,582744,2025/8/26 11:20
dwd_archive_remote_lis,2025/8/26 11:11,2025/8/26 11:19,2025/8/26 11:11,FINISH,429629,2025/8/26 11:18
dwd_archive_http_lis,2025/8/26 11:11,2025/8/26 11:25,2025/8/26 11:11,FINISH,799444,2025/8/26 11:25
dwd_archive_nf_other_log,2025/8/26 11:11,2025/8/26 11:25,2025/8/26 11:11,FINISH,821768,2025/8/26 11:25
dws_e_custom_user_info,2025/8/26 11:11,2025/8/26 11:23,2025/8/26 11:12,FINISH,629920,2025/8/26 11:23
dws_archive_email_phone_extrat,2025/8/26 11:12,2025/8/26 11:20,2025/8/26 11:12,FINISH,469042,2025/8/26 11:20
dwd_archive_call,2025/8/26 11:12,2025/8/26 11:20,2025/8/26 11:12,FINISH,474569,2025/8/26 11:20
dws_element_nf_protocol_info_h,2025/8/26 11:12,2025/8/26 11:27,2025/8/26 11:13,FINISH,844390,2025/8/26 11:27
dws_archive_email_behavior,2025/8/26 11:12,2025/8/26 11:24,2025/8/26 11:13,FINISH,669974,2025/8/26 11:24
dwd_archive_ftp_lis,2025/8/26 11:13,2025/8/26 11:22,2025/8/26 11:14,FINISH,474759,2025/8/26 11:21
dws_archive_email_nickname,2025/8/26 11:13,2025/8/26 11:25,2025/8/26 11:14,FINISH,646277,2025/8/26 11:24
dwd_archive_nf_url,2025/8/26 11:13,2025/8/26 11:26,2025/8/26 11:14,FINISH,736932,2025/8/26 11:26
dws_t_app_blocking_h,2025/8/26 11:13,2025/8/26 11:25,2025/8/26 11:14,FINISH,622498,2025/8/26 11:24
dws_archive_block_theme,2025/8/26 11:14,2025/8/26 11:26,2025/8/26 11:15,FINISH,648944,2025/8/26 11:25
dws_archive_radius_theme_info,2025/8/26 11:14,2025/8/26 11:30,2025/8/26 11:15,FINISH,904960,2025/8/26 11:30
dws_element_radius_auth_record,2025/8/26 11:15,2025/8/26 11:32,2025/8/26 11:16,FINISH,928993,2025/8/26 11:31
dws_archive_connect_info,2025/8/26 11:15,2025/8/26 11:27,2025/8/26 11:16,FINISH,636830,2025/8/26 11:27
dwd_archive_tool_lis,2025/8/26 11:16,2025/8/26 11:25,2025/8/26 11:17,FINISH,523631,2025/8/26 11:25
dws_archive_email_password,2025/8/26 11:16,2025/8/26 11:25,2025/8/26 11:17,FINISH,530791,2025/8/26 11:25
dws_archive_im_behavior,2025/8/26 11:17,2025/8/26 11:26,2025/8/26 11:18,FINISH,523051,2025/8/26 11:26
dwd_archive_sms,2025/8/26 11:17,2025/8/26 11:27,2025/8/26 11:18,FINISH,560394,2025/8/26 11:27
dws_element_phone_region_day,2025/8/26 11:17,2025/8/26 11:30,2025/8/26 11:18,FINISH,688834,2025/8/26 11:29
dws_archive_flight_info,2025/8/26 11:18,2025/8/26 11:28,2025/8/26 11:19,FINISH,536224,2025/8/26 11:28
dws_archive_app_block_hour,2025/8/26 11:18,2025/8/26 11:27,2025/8/26 11:19,FINISH,526162,2025/8/26 11:27
dws_archive_call_internet_info,2025/8/26 11:19,2025/8/26 11:37,2025/8/26 11:20,FINISH,1004238,2025/8/26 11:37
ads_archive_im_statistics,2025/8/26 11:20,2025/8/26 11:31,2025/8/26 11:21,FINISH,620422,2025/8/26 11:31
dws_archive_virtual_target,2025/8/26 11:20,2025/8/26 11:33,2025/8/26 11:21,FINISH,636735,2025/8/26 11:31
dws_archive_attach_info,2025/8/26 11:20,2025/8/26 11:33,2025/8/26 11:21,FINISH,716590,2025/8/26 11:33
ads_stats_behavior_h,2025/8/26 11:21,2025/8/26 11:32,2025/8/26 11:22,FINISH,614510,2025/8/26 11:32
dws_archive_lis_info_hour,2025/8/26 11:21,2025/8/26 11:38,2025/8/26 11:22,FINISH,951624,2025/8/26 11:38
dws_archive_call_chat_info,2025/8/26 11:21,2025/8/26 11:34,2025/8/26 11:23,FINISH,664992,2025/8/26 11:34
dwd_archive_voip_lis,2025/8/26 11:22,2025/8/26 11:32,2025/8/26 11:23,FINISH,568523,2025/8/26 11:32
dws_element_domain_region_day,2025/8/26 11:22,2025/8/26 11:34,2025/8/26 11:23,FINISH,645661,2025/8/26 11:33
dws_archive_high_freq_words,2025/8/26 11:22,2025/8/26 11:31,2025/8/26 11:23,FINISH,510493,2025/8/26 11:31
dwd_archive_vpn_other_log,2025/8/26 11:23,2025/8/26 11:34,2025/8/26 11:24,FINISH,598518,2025/8/26 11:34
dws_t_app_info,2025/8/26 11:23,2025/8/26 11:36,2025/8/26 11:24,FINISH,691583,2025/8/26 11:35
dws_t_app_visit_h_top,2025/8/26 11:23,2025/8/26 11:32,2025/8/26 11:24,FINISH,500115,2025/8/26 11:32
dws_er_user_ip,2025/8/26 11:24,2025/8/26 11:36,2025/8/26 11:25,FINISH,683424,2025/8/26 11:36
dws_archive_app_theme_info,2025/8/26 11:24,2025/8/26 11:36,2025/8/26 11:25,FINISH,629511,2025/8/26 11:36
dwd_archive_email_lis,2025/8/26 11:25,2025/8/26 11:34,2025/8/26 11:26,FINISH,492216,2025/8/26 11:34
ads_archive_email_statistics,2025/8/26 11:25,2025/8/26 11:39,2025/8/26 11:26,FINISH,724143,2025/8/26 11:38
ads_stats_blocking_h,2025/8/26 11:25,2025/8/26 11:35,2025/8/26 11:27,FINISH,490492,2025/8/26 11:35
dwd_archive_im_lis,2025/8/26 11:26,2025/8/26 11:35,2025/8/26 11:27,FINISH,497080,2025/8/26 11:35
dws_archive_vpn_info_hour,2025/8/26 11:26,2025/8/26 11:38,2025/8/26 11:27,FINISH,643941,2025/8/26 11:37
dwd_archive_vpn_lis,2025/8/26 11:27,2025/8/26 11:36,2025/8/26 11:28,FINISH,495086,2025/8/26 11:36
dws_e_user_group_info,2025/8/26 11:27,2025/8/26 11:39,2025/8/26 11:28,FINISH,670460,2025/8/26 11:39
dws_element_app_region_day,2025/8/26 11:27,2025/8/26 11:39,2025/8/26 11:28,FINISH,659891,2025/8/26 11:39
dws_archive_connection_day,2025/8/26 11:27,2025/8/26 11:38,2025/8/26 11:29,FINISH,499319,2025/8/26 11:37
dws_archive_web_theme_info,2025/8/26 11:28,2025/8/26 11:39,2025/8/26 11:29,FINISH,603223,2025/8/26 11:39
dwd_archive_vpn_url,2025/8/26 11:29,2025/8/26 11:38,2025/8/26 11:30,FINISH,491760,2025/8/26 11:38
dws_t_protocol_stats_h,2025/8/26 11:29,2025/8/26 11:48,2025/8/26 11:30,FINISH,988419,2025/8/26 11:47
dws_archive_block_daily,2025/8/26 11:31,2025/8/26 11:40,2025/8/26 11:32,FINISH,476815,2025/8/26 11:40
dws_archive_nf_info_hour,2025/8/26 11:31,2025/8/26 11:41,2025/8/26 11:32,FINISH,570270,2025/8/26 11:41
dws_archive_radius_vir_hour,2025/8/26 11:31,2025/8/26 11:40,2025/8/26 11:32,FINISH,467083,2025/8/26 11:40
ads_stats_behavior_h_top,2025/8/26 11:33,2025/8/26 11:41,2025/8/26 11:34,FINISH,439664,2025/8/26 11:41
dws_archive_radius_app_hour,2025/8/26 11:33,2025/8/26 11:42,2025/8/26 11:34,FINISH,431587,2025/8/26 11:41
dws_archive_attach_day,2025/8/26 11:34,2025/8/26 11:42,2025/8/26 11:35,FINISH,421204,2025/8/26 11:42
dws_archive_call_behavior_day,2025/8/26 11:35,2025/8/26 11:43,2025/8/26 11:36,FINISH,425845,2025/8/26 11:43
ads_archive_radius_statistics,2025/8/26 11:35,2025/8/26 11:47,2025/8/26 11:37,FINISH,626751,2025/8/26 11:47
dws_archive_app_behavior_hour,2025/8/26 11:36,2025/8/26 11:45,2025/8/26 11:37,FINISH,459052,2025/8/26 11:45
dws_archive_radius_be_hour,2025/8/26 11:38,2025/8/26 11:45,2025/8/26 11:39,FINISH,391334,2025/8/26 11:45
dws_archive_call_app_hour,2025/8/26 11:38,2025/8/26 11:46,2025/8/26 11:39,FINISH,414879,2025/8/26 11:45
ads_archive_app_behavior_daily,2025/8/26 11:38,2025/8/26 11:47,2025/8/26 11:39,FINISH,479737,2025/8/26 11:47
dws_archive_call_behavior_hour,2025/8/26 11:39,2025/8/26 11:50,2025/8/26 11:40,FINISH,569730,2025/8/26 11:50
ads_archive_web_imp_target,2025/8/26 11:40,2025/8/26 11:47,2025/8/26 11:41,FINISH,383939,2025/8/26 11:47
ads_archive_app_imp_target,2025/8/26 11:40,2025/8/26 11:47,2025/8/26 11:41,FINISH,363562,2025/8/26 11:47
dws_archive_call_virtual_hour,2025/8/26 11:41,2025/8/26 11:49,2025/8/26 11:42,FINISH,372740,2025/8/26 11:48
ads_archive_web_statistics,2025/8/26 11:41,2025/8/26 11:49,2025/8/26 11:42,FINISH,374535,2025/8/26 11:49
ads_archive_app_ip_daily,2025/8/26 11:42,2025/8/26 11:49,2025/8/26 11:43,FINISH,354627,2025/8/26 11:49
ads_archive_call_statistics,2025/8/26 11:43,2025/8/26 11:52,2025/8/26 11:44,FINISH,465773,2025/8/26 11:52
ads_archive_web_ip_daily,2025/8/26 11:43,2025/8/26 11:50,2025/8/26 11:44,FINISH,352025,2025/8/26 11:50
ads_archive_app_statistics,2025/8/26 11:44,2025/8/26 11:50,2025/8/26 11:45,FINISH,305807,2025/8/26 11:50
dws_archive_web_behavior_hour,2025/8/26 11:45,2025/8/26 11:51,2025/8/26 11:46,FINISH,276270,2025/8/26 11:51
ads_archive_web_behavior_daily,2025/8/26 11:47,2025/8/26 11:54,2025/8/26 11:48,FINISH,370765,2025/8/26 11:54
ads_stats_detail_h,2025/8/26 11:48,2025/8/26 11:53,2025/8/26 11:49,FINISH,233724,2025/8/26 11:52
dws_element_virtual_stat,2025/8/26 12:02,2025/8/26 12:07,2025/8/26 12:02,FINISH,271487,2025/8/26 12:07
dws_archive_bank_info,2025/8/26 12:06,2025/8/26 12:10,2025/8/26 12:06,FINISH,228873,2025/8/26 12:10
dwd_archive_fax,2025/8/26 12:06,2025/8/26 12:10,2025/8/26 12:06,FINISH,247013,2025/8/26 12:10
dwd_archive_others_lis,2025/8/26 12:06,2025/8/26 12:20,2025/8/26 12:07,FINISH,782348,2025/8/26 12:20
dws_element_virtual_region_d,2025/8/26 12:07,2025/8/26 12:15,2025/8/26 12:07,FINISH,480569,2025/8/26 12:15
dws_e_mobile_radius_info,2025/8/26 12:08,2025/8/26 12:16,2025/8/26 12:08,FINISH,406008,2025/8/26 12:15
dws_e_fixed_radius_info,2025/8/26 12:09,2025/8/26 12:16,2025/8/26 12:09,FINISH,368499,2025/8/26 12:16
dws_t_app_visit_h,2025/8/26 12:10,2025/8/26 12:20,2025/8/26 12:10,FINISH,555611,2025/8/26 12:20
dws_e_fixed_ip_info,2025/8/26 12:10,2025/8/26 12:21,2025/8/26 12:11,FINISH,573448,2025/8/26 12:20
dwd_archive_remote_lis,2025/8/26 12:11,2025/8/26 12:19,2025/8/26 12:11,FINISH,435106,2025/8/26 12:19
dwd_archive_http_lis,2025/8/26 12:11,2025/8/26 12:23,2025/8/26 12:11,FINISH,703176,2025/8/26 12:23
dwd_archive_nf_other_log,2025/8/26 12:11,2025/8/26 12:26,2025/8/26 12:11,FINISH,901292,2025/8/26 12:26
dws_e_custom_user_info,2025/8/26 12:11,2025/8/26 12:23,2025/8/26 12:12,FINISH,660782,2025/8/26 12:23
dwd_archive_call,2025/8/26 12:12,2025/8/26 12:21,2025/8/26 12:12,FINISH,490079,2025/8/26 12:21
dws_archive_email_phone_extrat,2025/8/26 12:12,2025/8/26 12:20,2025/8/26 12:12,FINISH,468649,2025/8/26 12:20
dws_element_nf_protocol_info_h,2025/8/26 12:12,2025/8/26 12:25,2025/8/26 12:13,FINISH,752431,2025/8/26 12:25
dws_archive_email_behavior,2025/8/26 12:12,2025/8/26 12:23,2025/8/26 12:13,FINISH,645836,2025/8/26 12:23
dwd_archive_ftp_lis,2025/8/26 12:13,2025/8/26 12:22,2025/8/26 12:13,FINISH,478104,2025/8/26 12:21
dws_archive_email_nickname,2025/8/26 12:13,2025/8/26 12:24,2025/8/26 12:14,FINISH,621597,2025/8/26 12:24
dwd_archive_nf_url,2025/8/26 12:13,2025/8/26 12:27,2025/8/26 12:14,FINISH,777600,2025/8/26 12:27
dws_t_app_blocking_h,2025/8/26 12:13,2025/8/26 12:28,2025/8/26 12:14,FINISH,819645,2025/8/26 12:28
dws_archive_block_theme,2025/8/26 12:14,2025/8/26 12:25,2025/8/26 12:15,FINISH,643534,2025/8/26 12:25
dws_archive_radius_theme_info,2025/8/26 12:14,2025/8/26 12:35,2025/8/26 12:15,FINISH,1151122,2025/8/26 12:34
dws_element_radius_auth_record,2025/8/26 12:15,2025/8/26 12:30,2025/8/26 12:16,FINISH,832567,2025/8/26 12:30
dws_archive_connect_info,2025/8/26 12:15,2025/8/26 12:27,2025/8/26 12:16,FINISH,630299,2025/8/26 12:27
dwd_archive_tool_lis,2025/8/26 12:16,2025/8/26 12:25,2025/8/26 12:17,FINISH,488754,2025/8/26 12:25
dws_archive_email_password,2025/8/26 12:16,2025/8/26 12:25,2025/8/26 12:17,FINISH,519388,2025/8/26 12:25
dws_archive_im_behavior,2025/8/26 12:17,2025/8/26 12:26,2025/8/26 12:18,FINISH,515609,2025/8/26 12:26
dwd_archive_sms,2025/8/26 12:17,2025/8/26 12:26,2025/8/26 12:18,FINISH,487504,2025/8/26 12:26
dws_element_phone_region_day,2025/8/26 12:17,2025/8/26 12:29,2025/8/26 12:18,FINISH,682432,2025/8/26 12:29
dws_archive_flight_info,2025/8/26 12:18,2025/8/26 12:28,2025/8/26 12:19,FINISH,506301,2025/8/26 12:27
dws_archive_app_block_hour,2025/8/26 12:18,2025/8/26 12:27,2025/8/26 12:19,FINISH,512653,2025/8/26 12:27
dws_archive_call_internet_info,2025/8/26 12:19,2025/8/26 12:33,2025/8/26 12:20,FINISH,770659,2025/8/26 12:33
ads_archive_im_statistics,2025/8/26 12:20,2025/8/26 12:31,2025/8/26 12:21,FINISH,641427,2025/8/26 12:31
dws_archive_virtual_target,2025/8/26 12:20,2025/8/26 12:33,2025/8/26 12:21,FINISH,669006,2025/8/26 12:32
dws_archive_attach_info,2025/8/26 12:20,2025/8/26 12:38,2025/8/26 12:21,FINISH,973098,2025/8/26 12:37
ads_stats_behavior_h,2025/8/26 12:20,2025/8/26 12:30,2025/8/26 12:22,FINISH,510091,2025/8/26 12:30
dws_archive_lis_info_hour,2025/8/26 12:21,2025/8/26 12:37,2025/8/26 12:22,FINISH,899277,2025/8/26 12:37
dws_archive_call_chat_info,2025/8/26 12:21,2025/8/26 12:36,2025/8/26 12:23,FINISH,803584,2025/8/26 12:36
dws_archive_high_freq_words,2025/8/26 12:22,2025/8/26 12:31,2025/8/26 12:23,FINISH,521606,2025/8/26 12:31
dwd_archive_voip_lis,2025/8/26 12:22,2025/8/26 12:32,2025/8/26 12:23,FINISH,568953,2025/8/26 12:32
dws_element_domain_region_day,2025/8/26 12:22,2025/8/26 12:33,2025/8/26 12:23,FINISH,620324,2025/8/26 12:33
dwd_archive_vpn_other_log,2025/8/26 12:23,2025/8/26 12:32,2025/8/26 12:24,FINISH,500119,2025/8/26 12:32
dws_t_app_info,2025/8/26 12:23,2025/8/26 12:35,2025/8/26 12:24,FINISH,681925,2025/8/26 12:35
dws_t_app_visit_h_top,2025/8/26 12:23,2025/8/26 12:32,2025/8/26 12:24,FINISH,495928,2025/8/26 12:32
dws_archive_app_theme_info,2025/8/26 12:24,2025/8/26 12:36,2025/8/26 12:25,FINISH,670434,2025/8/26 12:36
dws_er_user_ip,2025/8/26 12:24,2025/8/26 12:39,2025/8/26 12:25,FINISH,824492,2025/8/26 12:39
dwd_archive_email_lis,2025/8/26 12:25,2025/8/26 12:35,2025/8/26 12:26,FINISH,535505,2025/8/26 12:35
ads_archive_email_statistics,2025/8/26 12:25,2025/8/26 12:41,2025/8/26 12:26,FINISH,855522,2025/8/26 12:40
dwd_archive_im_lis,2025/8/26 12:26,2025/8/26 12:35,2025/8/26 12:27,FINISH,494693,2025/8/26 12:35
dws_archive_vpn_info_hour,2025/8/26 12:26,2025/8/26 12:41,2025/8/26 12:27,FINISH,814253,2025/8/26 12:40
dwd_archive_vpn_lis,2025/8/26 12:27,2025/8/26 12:37,2025/8/26 12:28,FINISH,554615,2025/8/26 12:37
dws_element_app_region_day,2025/8/26 12:27,2025/8/26 12:41,2025/8/26 12:28,FINISH,795762,2025/8/26 12:41
dws_e_user_group_info,2025/8/26 12:27,2025/8/26 12:39,2025/8/26 12:28,FINISH,675653,2025/8/26 12:39
dws_archive_connection_day,2025/8/26 12:27,2025/8/26 12:37,2025/8/26 12:28,FINISH,479729,2025/8/26 12:36
dwd_archive_nf_url_day,2025/8/26 12:28,2025/8/26 12:43,2025/8/26 12:29,FINISH,868776,2025/8/26 12:43
dws_archive_web_theme_info,2025/8/26 12:28,2025/8/26 12:40,2025/8/26 12:29,FINISH,657393,2025/8/26 12:40
dwd_archive_vpn_url,2025/8/26 12:29,2025/8/26 12:38,2025/8/26 12:30,FINISH,495700,2025/8/26 12:38
ads_stats_blocking_h,2025/8/26 12:29,2025/8/26 12:38,2025/8/26 12:30,FINISH,493864,2025/8/26 12:38
dws_t_protocol_stats_h,2025/8/26 12:29,2025/8/26 12:48,2025/8/26 12:30,FINISH,999400,2025/8/26 12:47
dws_archive_block_daily,2025/8/26 12:31,2025/8/26 12:41,2025/8/26 12:32,FINISH,504609,2025/8/26 12:40
dws_archive_nf_info_hour,2025/8/26 12:31,2025/8/26 12:42,2025/8/26 12:32,FINISH,614551,2025/8/26 12:42
ads_stats_behavior_h_top,2025/8/26 12:33,2025/8/26 12:42,2025/8/26 12:34,FINISH,476981,2025/8/26 12:42
dws_archive_call_app_hour,2025/8/26 12:34,2025/8/26 12:43,2025/8/26 12:35,FINISH,494872,2025/8/26 12:43
dws_archive_radius_vir_hour,2025/8/26 12:35,2025/8/26 12:44,2025/8/26 12:36,FINISH,464845,2025/8/26 12:44
dws_archive_call_virtual_hour,2025/8/26 12:36,2025/8/26 12:44,2025/8/26 12:37,FINISH,446457,2025/8/26 12:44
dwd_archive_nf_other_log_day,2025/8/26 12:37,2025/8/26 13:05,2025/8/26 12:38,FINISH,1613840,2025/8/26 13:04
dws_archive_app_behavior_hour,2025/8/26 12:37,2025/8/26 12:46,2025/8/26 12:38,FINISH,467652,2025/8/26 12:46
dws_archive_radius_app_hour,2025/8/26 12:37,2025/8/26 12:46,2025/8/26 12:38,FINISH,453258,2025/8/26 12:46
dws_archive_call_behavior_day,2025/8/26 12:38,2025/8/26 12:47,2025/8/26 12:39,FINISH,483558,2025/8/26 12:47
dws_archive_attach_day,2025/8/26 12:38,2025/8/26 12:47,2025/8/26 12:39,FINISH,435370,2025/8/26 12:47
ads_archive_app_behavior_daily,2025/8/26 12:39,2025/8/26 12:49,2025/8/26 12:40,FINISH,520967,2025/8/26 12:49
ads_archive_radius_statistics,2025/8/26 12:39,2025/8/26 12:50,2025/8/26 12:41,FINISH,551081,2025/8/26 12:50
dws_archive_call_behavior_hour,2025/8/26 12:40,2025/8/26 12:52,2025/8/26 12:41,FINISH,635339,2025/8/26 12:51
ads_archive_web_imp_target,2025/8/26 12:41,2025/8/26 12:49,2025/8/26 12:42,FINISH,419095,2025/8/26 12:49
ads_archive_app_imp_target,2025/8/26 12:41,2025/8/26 12:49,2025/8/26 12:42,FINISH,418551,2025/8/26 12:49
dws_archive_radius_be_hour,2025/8/26 12:42,2025/8/26 12:49,2025/8/26 12:43,FINISH,406581,2025/8/26 12:49
ads_archive_call_statistics,2025/8/26 12:42,2025/8/26 12:53,2025/8/26 12:43,FINISH,592712,2025/8/26 12:53
ads_archive_web_statistics,2025/8/26 12:43,2025/8/26 12:50,2025/8/26 12:44,FINISH,405475,2025/8/26 12:50
ads_archive_app_ip_daily,2025/8/26 12:43,2025/8/26 12:52,2025/8/26 12:44,FINISH,459949,2025/8/26 12:52
ads_archive_web_ip_daily,2025/8/26 12:45,2025/8/26 12:52,2025/8/26 12:46,FINISH,358088,2025/8/26 12:51
ads_archive_app_statistics,2025/8/26 12:45,2025/8/26 12:53,2025/8/26 12:46,FINISH,354395,2025/8/26 12:52
dws_archive_web_behavior_hour,2025/8/26 12:46,2025/8/26 12:53,2025/8/26 12:47,FINISH,308514,2025/8/26 12:53
ads_stats_detail_h,2025/8/26 12:48,2025/8/26 12:53,2025/8/26 12:49,FINISH,246406,2025/8/26 12:53
ads_archive_web_behavior_daily,2025/8/26 12:48,2025/8/26 12:55,2025/8/26 12:49,FINISH,320795,2025/8/26 12:54
dws_element_virtual_stat,2025/8/26 13:02,2025/8/26 13:06,2025/8/26 13:02,FINISH,233611,2025/8/26 13:06
dwd_archive_fax,2025/8/26 13:06,2025/8/26 13:10,2025/8/26 13:06,FINISH,243274,2025/8/26 13:10
dws_archive_bank_info,2025/8/26 13:06,2025/8/26 13:10,2025/8/26 13:06,FINISH,251617,2025/8/26 13:10
dwd_archive_others_lis,2025/8/26 13:06,2025/8/26 13:18,2025/8/26 13:07,FINISH,703999,2025/8/26 13:18
dws_element_virtual_region_d,2025/8/26 13:07,2025/8/26 13:17,2025/8/26 13:07,FINISH,596011,2025/8/26 13:17
dws_e_mobile_radius_info,2025/8/26 13:08,2025/8/26 13:15,2025/8/26 13:08,FINISH,356868,2025/8/26 13:14
dws_e_fixed_radius_info,2025/8/26 13:09,2025/8/26 13:15,2025/8/26 13:09,FINISH,345409,2025/8/26 13:15
dws_t_app_visit_h,2025/8/26 13:10,2025/8/26 13:20,2025/8/26 13:10,FINISH,553835,2025/8/26 13:20
dws_e_fixed_ip_info,2025/8/26 13:10,2025/8/26 13:21,2025/8/26 13:11,FINISH,594238,2025/8/26 13:20
dwd_archive_remote_lis,2025/8/26 13:11,2025/8/26 13:19,2025/8/26 13:11,FINISH,485178,2025/8/26 13:19
dwd_archive_http_lis,2025/8/26 13:11,2025/8/26 13:23,2025/8/26 13:11,FINISH,723212,2025/8/26 13:23
dwd_archive_nf_other_log,2025/8/26 13:11,2025/8/26 13:27,2025/8/26 13:11,FINISH,944082,2025/8/26 13:27
dws_e_custom_user_info,2025/8/26 13:11,2025/8/26 13:24,2025/8/26 13:12,FINISH,682179,2025/8/26 13:24
dwd_archive_call,2025/8/26 13:12,2025/8/26 13:20,2025/8/26 13:12,FINISH,474398,2025/8/26 13:20
dws_archive_email_phone_extrat,2025/8/26 13:12,2025/8/26 13:21,2025/8/26 13:12,FINISH,496197,2025/8/26 13:21
dws_archive_email_behavior,2025/8/26 13:12,2025/8/26 13:24,2025/8/26 13:13,FINISH,684337,2025/8/26 13:24
dws_element_nf_protocol_info_h,2025/8/26 13:12,2025/8/26 13:24,2025/8/26 13:13,FINISH,663878,2025/8/26 13:24
dwd_archive_ftp_lis,2025/8/26 13:13,2025/8/26 13:22,2025/8/26 13:14,FINISH,472169,2025/8/26 13:21
dws_archive_email_nickname,2025/8/26 13:13,2025/8/26 13:24,2025/8/26 13:14,FINISH,637286,2025/8/26 13:24
dwd_archive_nf_url,2025/8/26 13:13,2025/8/26 13:27,2025/8/26 13:14,FINISH,807666,2025/8/26 13:27
dws_t_app_blocking_h,2025/8/26 13:13,2025/8/26 13:28,2025/8/26 13:14,FINISH,803477,2025/8/26 13:27
dws_archive_block_theme,2025/8/26 13:14,2025/8/26 13:26,2025/8/26 13:15,FINISH,655927,2025/8/26 13:26
dws_archive_radius_theme_info,2025/8/26 13:14,2025/8/26 13:31,2025/8/26 13:15,FINISH,957788,2025/8/26 13:31
dws_element_radius_auth_record,2025/8/26 13:15,2025/8/26 13:28,2025/8/26 13:16,FINISH,680913,2025/8/26 13:27
dws_archive_connect_info,2025/8/26 13:15,2025/8/26 13:29,2025/8/26 13:16,FINISH,796301,2025/8/26 13:29
dws_archive_email_password,2025/8/26 13:16,2025/8/26 13:27,2025/8/26 13:17,FINISH,617320,2025/8/26 13:27
dwd_archive_tool_lis,2025/8/26 13:16,2025/8/26 13:25,2025/8/26 13:17,FINISH,504789,2025/8/26 13:25
dws_archive_im_behavior,2025/8/26 13:17,2025/8/26 13:26,2025/8/26 13:18,FINISH,522865,2025/8/26 13:26
dwd_archive_sms,2025/8/26 13:17,2025/8/26 13:26,2025/8/26 13:18,FINISH,509128,2025/8/26 13:26
dws_element_phone_region_day,2025/8/26 13:17,2025/8/26 13:30,2025/8/26 13:18,FINISH,710335,2025/8/26 13:30
dws_archive_flight_info,2025/8/26 13:18,2025/8/26 13:29,2025/8/26 13:19,FINISH,564977,2025/8/26 13:28
dws_archive_app_block_hour,2025/8/26 13:18,2025/8/26 13:27,2025/8/26 13:19,FINISH,521913,2025/8/26 13:27
dws_archive_call_internet_info,2025/8/26 13:19,2025/8/26 13:37,2025/8/26 13:20,FINISH,1006887,2025/8/26 13:37
ads_archive_im_statistics,2025/8/26 13:20,2025/8/26 13:31,2025/8/26 13:21,FINISH,637176,2025/8/26 13:31
dws_archive_virtual_target,2025/8/26 13:20,2025/8/26 13:32,2025/8/26 13:21,FINISH,626706,2025/8/26 13:31
dws_archive_attach_info,2025/8/26 13:20,2025/8/26 13:34,2025/8/26 13:21,FINISH,748242,2025/8/26 13:34
ads_stats_behavior_h,2025/8/26 13:20,2025/8/26 13:31,2025/8/26 13:22,FINISH,536990,2025/8/26 13:30
dws_archive_lis_info_hour,2025/8/26 13:21,2025/8/26 13:37,2025/8/26 13:22,FINISH,914179,2025/8/26 13:37
dws_archive_call_chat_info,2025/8/26 13:21,2025/8/26 13:33,2025/8/26 13:23,FINISH,602200,2025/8/26 13:33
dws_archive_high_freq_words,2025/8/26 13:22,2025/8/26 13:33,2025/8/26 13:23,FINISH,620249,2025/8/26 13:33
dws_element_domain_region_day,2025/8/26 13:22,2025/8/26 13:33,2025/8/26 13:23,FINISH,618640,2025/8/26 13:33
dwd_archive_voip_lis,2025/8/26 13:22,2025/8/26 13:32,2025/8/26 13:23,FINISH,572074,2025/8/26 13:32
dwd_archive_vpn_other_log,2025/8/26 13:23,2025/8/26 13:34,2025/8/26 13:24,FINISH,618675,2025/8/26 13:34
dws_t_app_info,2025/8/26 13:23,2025/8/26 13:34,2025/8/26 13:24,FINISH,564688,2025/8/26 13:33
dws_t_app_visit_h_top,2025/8/26 13:23,2025/8/26 13:32,2025/8/26 13:24,FINISH,495309,2025/8/26 13:32
dws_archive_app_theme_info,2025/8/26 13:24,2025/8/26 13:37,2025/8/26 13:25,FINISH,713247,2025/8/26 13:37
dws_er_user_ip,2025/8/26 13:24,2025/8/26 13:40,2025/8/26 13:26,FINISH,831620,2025/8/26 13:40
dwd_archive_email_lis,2025/8/26 13:25,2025/8/26 13:34,2025/8/26 13:26,FINISH,505212,2025/8/26 13:34
ads_archive_email_statistics,2025/8/26 13:25,2025/8/26 13:41,2025/8/26 13:26,FINISH,866945,2025/8/26 13:40
dwd_archive_im_lis,2025/8/26 13:26,2025/8/26 13:35,2025/8/26 13:27,FINISH,497295,2025/8/26 13:35
dws_archive_vpn_info_hour,2025/8/26 13:26,2025/8/26 13:38,2025/8/26 13:27,FINISH,626202,2025/8/26 13:37
dwd_archive_vpn_lis,2025/8/26 13:27,2025/8/26 13:36,2025/8/26 13:28,FINISH,494673,2025/8/26 13:36
dws_element_app_region_day,2025/8/26 13:27,2025/8/26 13:41,2025/8/26 13:28,FINISH,796341,2025/8/26 13:41
dws_e_user_group_info,2025/8/26 13:27,2025/8/26 13:39,2025/8/26 13:28,FINISH,647236,2025/8/26 13:39
dws_archive_web_theme_info,2025/8/26 13:28,2025/8/26 13:39,2025/8/26 13:29,FINISH,608354,2025/8/26 13:39
ads_stats_blocking_h,2025/8/26 13:28,2025/8/26 13:38,2025/8/26 13:30,FINISH,488256,2025/8/26 13:38
dwd_archive_vpn_url,2025/8/26 13:29,2025/8/26 13:38,2025/8/26 13:30,FINISH,476055,2025/8/26 13:38
dws_t_protocol_stats_h,2025/8/26 13:29,2025/8/26 13:44,2025/8/26 13:30,FINISH,782921,2025/8/26 13:43
dws_archive_connection_day,2025/8/26 13:30,2025/8/26 13:40,2025/8/26 13:31,FINISH,490855,2025/8/26 13:39
dws_archive_block_daily,2025/8/26 13:31,2025/8/26 13:40,2025/8/26 13:32,FINISH,465251,2025/8/26 13:39
dws_archive_nf_info_hour,2025/8/26 13:31,2025/8/26 13:41,2025/8/26 13:32,FINISH,576252,2025/8/26 13:41
dws_archive_radius_vir_hour,2025/8/26 13:32,2025/8/26 13:41,2025/8/26 13:33,FINISH,486040,2025/8/26 13:41
ads_stats_behavior_h_top,2025/8/26 13:33,2025/8/26 13:42,2025/8/26 13:34,FINISH,461510,2025/8/26 13:41
dws_archive_call_behavior_day,2025/8/26 13:34,2025/8/26 13:42,2025/8/26 13:35,FINISH,452971,2025/8/26 13:42
dws_archive_radius_app_hour,2025/8/26 13:34,2025/8/26 13:42,2025/8/26 13:35,FINISH,439233,2025/8/26 13:42
dws_archive_attach_day,2025/8/26 13:35,2025/8/26 13:43,2025/8/26 13:36,FINISH,442619,2025/8/26 13:43
ads_archive_radius_statistics,2025/8/26 13:36,2025/8/26 13:46,2025/8/26 13:37,FINISH,526804,2025/8/26 13:46
dws_archive_call_app_hour,2025/8/26 13:38,2025/8/26 13:46,2025/8/26 13:39,FINISH,425768,2025/8/26 13:46
dws_archive_app_behavior_hour,2025/8/26 13:38,2025/8/26 13:45,2025/8/26 13:39,FINISH,399699,2025/8/26 13:45
dws_archive_radius_be_hour,2025/8/26 13:38,2025/8/26 13:46,2025/8/26 13:39,FINISH,396911,2025/8/26 13:46
ads_archive_app_behavior_daily,2025/8/26 13:40,2025/8/26 13:49,2025/8/26 13:41,FINISH,516575,2025/8/26 13:49
dws_archive_call_behavior_hour,2025/8/26 13:40,2025/8/26 13:49,2025/8/26 13:41,FINISH,502886,2025/8/26 13:49
ads_archive_web_imp_target,2025/8/26 13:40,2025/8/26 13:47,2025/8/26 13:41,FINISH,374942,2025/8/26 13:47
ads_archive_app_imp_target,2025/8/26 13:42,2025/8/26 13:49,2025/8/26 13:42,FINISH,382754,2025/8/26 13:49
dws_archive_call_virtual_hour,2025/8/26 13:42,2025/8/26 13:49,2025/8/26 13:42,FINISH,370399,2025/8/26 13:49
ads_archive_web_statistics,2025/8/26 13:42,2025/8/26 13:49,2025/8/26 13:43,FINISH,353904,2025/8/26 13:48
ads_archive_app_ip_daily,2025/8/26 13:43,2025/8/26 13:50,2025/8/26 13:44,FINISH,334705,2025/8/26 13:50
ads_archive_call_statistics,2025/8/26 13:43,2025/8/26 13:53,2025/8/26 13:44,FINISH,468750,2025/8/26 13:52
ads_archive_web_ip_daily,2025/8/26 13:43,2025/8/26 13:50,2025/8/26 13:44,FINISH,359125,2025/8/26 13:50
ads_stats_detail_h,2025/8/26 13:44,2025/8/26 13:51,2025/8/26 13:45,FINISH,312287,2025/8/26 13:51
ads_archive_app_statistics,2025/8/26 13:45,2025/8/26 13:51,2025/8/26 13:46,FINISH,307392,2025/8/26 13:51
dws_archive_web_behavior_hour,2025/8/26 13:45,2025/8/26 13:51,2025/8/26 13:46,FINISH,274866,2025/8/26 13:51
ads_archive_web_behavior_daily,2025/8/26 13:47,2025/8/26 13:53,2025/8/26 13:48,FINISH,334661,2025/8/26 13:53
dws_element_virtual_stat,2025/8/26 14:02,2025/8/26 14:07,2025/8/26 14:02,FINISH,271410,2025/8/26 14:07
dws_archive_bank_info,2025/8/26 14:06,2025/8/26 14:10,2025/8/26 14:06,FINISH,250211,2025/8/26 14:10
dwd_archive_fax,2025/8/26 14:06,2025/8/26 14:10,2025/8/26 14:06,FINISH,237900,2025/8/26 14:10
dwd_archive_others_lis,2025/8/26 14:06,2025/8/26 14:23,2025/8/26 14:07,FINISH,948955,2025/8/26 14:22
dws_element_virtual_region_d,2025/8/26 14:07,2025/8/26 14:17,2025/8/26 14:07,FINISH,580112,2025/8/26 14:17
dws_e_mobile_radius_info,2025/8/26 14:08,2025/8/26 14:19,2025/8/26 14:08,FINISH,586799,2025/8/26 14:18
dws_e_fixed_radius_info,2025/8/26 14:09,2025/8/26 14:16,2025/8/26 14:09,FINISH,371780,2025/8/26 14:16
dws_t_app_visit_h,2025/8/26 14:10,2025/8/26 14:20,2025/8/26 14:10,FINISH,564766,2025/8/26 14:20
dws_e_fixed_ip_info,2025/8/26 14:10,2025/8/26 14:22,2025/8/26 14:11,FINISH,614733,2025/8/26 14:21
dwd_archive_remote_lis,2025/8/26 14:11,2025/8/26 14:20,2025/8/26 14:11,FINISH,541309,2025/8/26 14:20
dwd_archive_http_lis,2025/8/26 14:11,2025/8/26 14:28,2025/8/26 14:11,FINISH,976220,2025/8/26 14:28
dwd_archive_nf_other_log,2025/8/26 14:11,2025/8/26 14:28,2025/8/26 14:11,FINISH,1005189,2025/8/26 14:28
dws_e_custom_user_info,2025/8/26 14:11,2025/8/26 14:24,2025/8/26 14:12,FINISH,674825,2025/8/26 14:24
dws_archive_email_phone_extrat,2025/8/26 14:12,2025/8/26 14:21,2025/8/26 14:12,FINISH,483970,2025/8/26 14:20
dwd_archive_call,2025/8/26 14:12,2025/8/26 14:21,2025/8/26 14:12,FINISH,486921,2025/8/26 14:21
dws_element_nf_protocol_info_h,2025/8/26 14:12,2025/8/26 14:26,2025/8/26 14:13,FINISH,815111,2025/8/26 14:26
dws_archive_email_behavior,2025/8/26 14:12,2025/8/26 14:24,2025/8/26 14:13,FINISH,690153,2025/8/26 14:24
dwd_archive_ftp_lis,2025/8/26 14:13,2025/8/26 14:22,2025/8/26 14:14,FINISH,486805,2025/8/26 14:22
dws_archive_email_nickname,2025/8/26 14:13,2025/8/26 14:25,2025/8/26 14:14,FINISH,647752,2025/8/26 14:24
dwd_archive_nf_url,2025/8/26 14:13,2025/8/26 14:28,2025/8/26 14:14,FINISH,837002,2025/8/26 14:28
dws_t_app_blocking_h,2025/8/26 14:13,2025/8/26 14:29,2025/8/26 14:14,FINISH,902124,2025/8/26 14:29
dws_archive_block_theme,2025/8/26 14:14,2025/8/26 14:26,2025/8/26 14:15,FINISH,647624,2025/8/26 14:25
dws_archive_radius_theme_info,2025/8/26 14:14,2025/8/26 14:31,2025/8/26 14:15,FINISH,919860,2025/8/26 14:30
dws_element_radius_auth_record,2025/8/26 14:15,2025/8/26 14:29,2025/8/26 14:16,FINISH,749553,2025/8/26 14:28
dws_archive_connect_info,2025/8/26 14:15,2025/8/26 14:28,2025/8/26 14:16,FINISH,681563,2025/8/26 14:27
dwd_archive_tool_lis,2025/8/26 14:16,2025/8/26 14:25,2025/8/26 14:17,FINISH,499189,2025/8/26 14:25
dws_archive_email_password,2025/8/26 14:16,2025/8/26 14:26,2025/8/26 14:17,FINISH,531080,2025/8/26 14:25
dwd_archive_sms,2025/8/26 14:17,2025/8/26 14:26,2025/8/26 14:18,FINISH,510487,2025/8/26 14:26
dws_archive_im_behavior,2025/8/26 14:17,2025/8/26 14:26,2025/8/26 14:18,FINISH,509711,2025/8/26 14:26
dws_element_phone_region_day,2025/8/26 14:17,2025/8/26 14:30,2025/8/26 14:18,FINISH,690221,2025/8/26 14:29
dws_archive_app_block_hour,2025/8/26 14:18,2025/8/26 14:28,2025/8/26 14:19,FINISH,534689,2025/8/26 14:28
dws_archive_flight_info,2025/8/26 14:18,2025/8/26 14:29,2025/8/26 14:19,FINISH,556435,2025/8/26 14:28
dws_archive_call_internet_info,2025/8/26 14:19,2025/8/26 14:36,2025/8/26 14:20,FINISH,922412,2025/8/26 14:36
ads_archive_im_statistics,2025/8/26 14:20,2025/8/26 14:32,2025/8/26 14:21,FINISH,657428,2025/8/26 14:32
dws_archive_virtual_target,2025/8/26 14:20,2025/8/26 14:33,2025/8/26 14:21,FINISH,643256,2025/8/26 14:31
dws_archive_attach_info,2025/8/26 14:20,2025/8/26 14:34,2025/8/26 14:21,FINISH,727166,2025/8/26 14:33
dws_archive_lis_info_hour,2025/8/26 14:21,2025/8/26 14:38,2025/8/26 14:22,FINISH,970932,2025/8/26 14:38
ads_stats_behavior_h,2025/8/26 14:21,2025/8/26 14:32,2025/8/26 14:22,FINISH,610349,2025/8/26 14:32
dws_archive_call_chat_info,2025/8/26 14:21,2025/8/26 14:34,2025/8/26 14:23,FINISH,667586,2025/8/26 14:34
dws_element_domain_region_day,2025/8/26 14:22,2025/8/26 14:32,2025/8/26 14:23,FINISH,526971,2025/8/26 14:32
dwd_archive_voip_lis,2025/8/26 14:22,2025/8/26 14:32,2025/8/26 14:23,FINISH,576101,2025/8/26 14:32
dws_archive_high_freq_words,2025/8/26 14:22,2025/8/26 14:33,2025/8/26 14:23,FINISH,591789,2025/8/26 14:33
dwd_archive_vpn_other_log,2025/8/26 14:23,2025/8/26 14:34,2025/8/26 14:24,FINISH,599875,2025/8/26 14:34
dws_t_app_info,2025/8/26 14:23,2025/8/26 14:35,2025/8/26 14:24,FINISH,662427,2025/8/26 14:35
dws_t_app_visit_h_top,2025/8/26 14:23,2025/8/26 14:34,2025/8/26 14:24,FINISH,617004,2025/8/26 14:34
dws_archive_app_theme_info,2025/8/26 14:24,2025/8/26 14:38,2025/8/26 14:25,FINISH,752950,2025/8/26 14:38
dws_er_user_ip,2025/8/26 14:24,2025/8/26 14:37,2025/8/26 14:26,FINISH,670932,2025/8/26 14:37
dwd_archive_email_lis,2025/8/26 14:25,2025/8/26 14:35,2025/8/26 14:26,FINISH,530584,2025/8/26 14:35
ads_archive_email_statistics,2025/8/26 14:25,2025/8/26 14:42,2025/8/26 14:26,FINISH,932672,2025/8/26 14:41
dwd_archive_im_lis,2025/8/26 14:26,2025/8/26 14:36,2025/8/26 14:27,FINISH,523959,2025/8/26 14:35
dws_archive_vpn_info_hour,2025/8/26 14:26,2025/8/26 14:38,2025/8/26 14:27,FINISH,630894,2025/8/26 14:37
dwd_archive_vpn_lis,2025/8/26 14:27,2025/8/26 14:37,2025/8/26 14:28,FINISH,543991,2025/8/26 14:37
dws_e_user_group_info,2025/8/26 14:27,2025/8/26 14:39,2025/8/26 14:28,FINISH,650541,2025/8/26 14:39
dws_element_app_region_day,2025/8/26 14:27,2025/8/26 14:39,2025/8/26 14:28,FINISH,653137,2025/8/26 14:39
dws_archive_web_theme_info,2025/8/26 14:28,2025/8/26 14:39,2025/8/26 14:29,FINISH,614394,2025/8/26 14:39
dws_archive_connection_day,2025/8/26 14:28,2025/8/26 14:38,2025/8/26 14:29,FINISH,482340,2025/8/26 14:37
dwd_archive_vpn_url,2025/8/26 14:29,2025/8/26 14:38,2025/8/26 14:30,FINISH,486467,2025/8/26 14:38
dws_t_protocol_stats_h,2025/8/26 14:29,2025/8/26 14:44,2025/8/26 14:30,FINISH,790994,2025/8/26 14:43
ads_stats_blocking_h,2025/8/26 14:30,2025/8/26 14:39,2025/8/26 14:31,FINISH,492399,2025/8/26 14:39
dws_archive_block_daily,2025/8/26 14:31,2025/8/26 14:40,2025/8/26 14:32,FINISH,493533,2025/8/26 14:40
dws_archive_nf_info_hour,2025/8/26 14:31,2025/8/26 14:42,2025/8/26 14:32,FINISH,599838,2025/8/26 14:42
dws_archive_radius_vir_hour,2025/8/26 14:31,2025/8/26 14:41,2025/8/26 14:33,FINISH,491388,2025/8/26 14:41
dws_archive_radius_app_hour,2025/8/26 14:34,2025/8/26 14:43,2025/8/26 14:35,FINISH,470482,2025/8/26 14:42
dws_archive_attach_day,2025/8/26 14:34,2025/8/26 14:43,2025/8/26 14:35,FINISH,432453,2025/8/26 14:43
dws_archive_call_behavior_day,2025/8/26 14:35,2025/8/26 14:43,2025/8/26 14:36,FINISH,449642,2025/8/26 14:43
ads_stats_behavior_h_top,2025/8/26 14:35,2025/8/26 14:44,2025/8/26 14:36,FINISH,452889,2025/8/26 14:43
ads_archive_radius_statistics,2025/8/26 14:36,2025/8/26 14:46,2025/8/26 14:37,FINISH,528557,2025/8/26 14:46
dws_archive_call_app_hour,2025/8/26 14:37,2025/8/26 14:45,2025/8/26 14:38,FINISH,430101,2025/8/26 14:45
dws_archive_radius_be_hour,2025/8/26 14:38,2025/8/26 14:46,2025/8/26 14:39,FINISH,444817,2025/8/26 14:46
dws_archive_app_behavior_hour,2025/8/26 14:38,2025/8/26 14:46,2025/8/26 14:39,FINISH,420848,2025/8/26 14:46
dws_archive_call_behavior_hour,2025/8/26 14:39,2025/8/26 14:49,2025/8/26 14:40,FINISH,510712,2025/8/26 14:49
ads_archive_web_imp_target,2025/8/26 14:40,2025/8/26 14:48,2025/8/26 14:41,FINISH,407765,2025/8/26 14:48
ads_archive_app_behavior_daily,2025/8/26 14:40,2025/8/26 14:50,2025/8/26 14:41,FINISH,511188,2025/8/26 14:50
dws_archive_call_virtual_hour,2025/8/26 14:41,2025/8/26 14:48,2025/8/26 14:42,FINISH,375224,2025/8/26 14:48
ads_archive_web_statistics,2025/8/26 14:42,2025/8/26 14:49,2025/8/26 14:43,FINISH,369337,2025/8/26 14:49
ads_archive_app_imp_target,2025/8/26 14:42,2025/8/26 14:49,2025/8/26 14:43,FINISH,364400,2025/8/26 14:49
ads_archive_call_statistics,2025/8/26 14:43,2025/8/26 14:52,2025/8/26 14:44,FINISH,473100,2025/8/26 14:52
ads_archive_web_ip_daily,2025/8/26 14:44,2025/8/26 14:51,2025/8/26 14:44,FINISH,365293,2025/8/26 14:51
ads_archive_app_ip_daily,2025/8/26 14:44,2025/8/26 14:52,2025/8/26 14:45,FINISH,420839,2025/8/26 14:52
ads_stats_detail_h,2025/8/26 14:45,2025/8/26 14:51,2025/8/26 14:46,FINISH,314618,2025/8/26 14:51
dws_archive_web_behavior_hour,2025/8/26 14:45,2025/8/26 14:51,2025/8/26 14:46,FINISH,291668,2025/8/26 14:51
ads_archive_app_statistics,2025/8/26 14:46,2025/8/26 14:52,2025/8/26 14:47,FINISH,309102,2025/8/26 14:52
ads_archive_web_behavior_daily,2025/8/26 14:47,2025/8/26 14:54,2025/8/26 14:48,FINISH,394108,2025/8/26 14:54
dws_element_virtual_stat,2025/8/26 15:02,2025/8/26 15:07,2025/8/26 15:02,FINISH,259902,2025/8/26 15:06
dwd_archive_fax,2025/8/26 15:06,2025/8/26 15:10,2025/8/26 15:06,FINISH,227934,2025/8/26 15:10
dws_archive_bank_info,2025/8/26 15:06,2025/8/26 15:10,2025/8/26 15:06,FINISH,221622,2025/8/26 15:10
dwd_archive_others_lis,2025/8/26 15:06,2025/8/26 15:16,2025/8/26 15:07,FINISH,544853,2025/8/26 15:16
dws_element_virtual_region_d,2025/8/26 15:07,2025/8/26 15:14,2025/8/26 15:07,FINISH,405323,2025/8/26 15:14
dws_e_mobile_radius_info,2025/8/26 15:08,2025/8/26 15:15,2025/8/26 15:08,FINISH,375919,2025/8/26 15:15
dws_e_fixed_radius_info,2025/8/26 15:09,2025/8/26 15:16,2025/8/26 15:10,FINISH,379200,2025/8/26 15:16
dws_t_app_visit_h,2025/8/26 15:10,2025/8/26 15:20,2025/8/26 15:10,FINISH,542097,2025/8/26 15:19
dws_e_fixed_ip_info,2025/8/26 15:10,2025/8/26 15:21,2025/8/26 15:11,FINISH,579877,2025/8/26 15:20
dwd_archive_remote_lis,2025/8/26 15:11,2025/8/26 15:19,2025/8/26 15:11,FINISH,432732,2025/8/26 15:18
dwd_archive_http_lis,2025/8/26 15:11,2025/8/26 15:23,2025/8/26 15:11,FINISH,695166,2025/8/26 15:23
dwd_archive_nf_other_log,2025/8/26 15:11,2025/8/26 15:30,2025/8/26 15:11,FINISH,1103797,2025/8/26 15:30
dws_e_custom_user_info,2025/8/26 15:11,2025/8/26 15:23,2025/8/26 15:12,FINISH,643321,2025/8/26 15:23
dwd_archive_call,2025/8/26 15:12,2025/8/26 15:21,2025/8/26 15:12,FINISH,489066,2025/8/26 15:21
dws_archive_email_phone_extrat,2025/8/26 15:12,2025/8/26 15:20,2025/8/26 15:12,FINISH,459650,2025/8/26 15:20
dws_element_nf_protocol_info_h,2025/8/26 15:12,2025/8/26 15:26,2025/8/26 15:13,FINISH,797759,2025/8/26 15:26
dws_archive_email_behavior,2025/8/26 15:12,2025/8/26 15:24,2025/8/26 15:13,FINISH,668432,2025/8/26 15:24
dwd_archive_ftp_lis,2025/8/26 15:13,2025/8/26 15:21,2025/8/26 15:13,FINISH,469630,2025/8/26 15:21
dws_archive_email_nickname,2025/8/26 15:13,2025/8/26 15:24,2025/8/26 15:14,FINISH,640216,2025/8/26 15:24
dwd_archive_nf_url,2025/8/26 15:13,2025/8/26 15:27,2025/8/26 15:14,FINISH,825792,2025/8/26 15:27
dws_t_app_blocking_h,2025/8/26 15:13,2025/8/26 15:28,2025/8/26 15:14,FINISH,815165,2025/8/26 15:28
dws_archive_block_theme,2025/8/26 15:14,2025/8/26 15:25,2025/8/26 15:15,FINISH,641978,2025/8/26 15:25
dws_archive_radius_theme_info,2025/8/26 15:14,2025/8/26 15:32,2025/8/26 15:15,FINISH,984331,2025/8/26 15:32
dws_element_radius_auth_record,2025/8/26 15:15,2025/8/26 15:31,2025/8/26 15:16,FINISH,874928,2025/8/26 15:30
dws_archive_connect_info,2025/8/26 15:15,2025/8/26 15:27,2025/8/26 15:16,FINISH,659231,2025/8/26 15:27
dws_archive_email_password,2025/8/26 15:16,2025/8/26 15:25,2025/8/26 15:17,FINISH,519658,2025/8/26 15:25
dwd_archive_tool_lis,2025/8/26 15:16,2025/8/26 15:25,2025/8/26 15:17,FINISH,496142,2025/8/26 15:25
dwd_archive_sms,2025/8/26 15:17,2025/8/26 15:26,2025/8/26 15:18,FINISH,510519,2025/8/26 15:26
dws_archive_im_behavior,2025/8/26 15:17,2025/8/26 15:26,2025/8/26 15:18,FINISH,528541,2025/8/26 15:26
dws_element_phone_region_day,2025/8/26 15:17,2025/8/26 15:32,2025/8/26 15:18,FINISH,856960,2025/8/26 15:32
dws_archive_flight_info,2025/8/26 15:18,2025/8/26 15:28,2025/8/26 15:19,FINISH,536176,2025/8/26 15:28
dws_archive_app_block_hour,2025/8/26 15:18,2025/8/26 15:27,2025/8/26 15:19,FINISH,515034,2025/8/26 15:27
dws_archive_call_internet_info,2025/8/26 15:19,2025/8/26 15:33,2025/8/26 15:20,FINISH,771200,2025/8/26 15:33
ads_archive_im_statistics,2025/8/26 15:20,2025/8/26 15:31,2025/8/26 15:21,FINISH,640763,2025/8/26 15:31
dws_archive_virtual_target,2025/8/26 15:20,2025/8/26 15:35,2025/8/26 15:21,FINISH,792669,2025/8/26 15:34
dws_archive_attach_info,2025/8/26 15:20,2025/8/26 15:36,2025/8/26 15:21,FINISH,882569,2025/8/26 15:36
ads_stats_behavior_h,2025/8/26 15:20,2025/8/26 15:31,2025/8/26 15:21,FINISH,575061,2025/8/26 15:31
dws_archive_lis_info_hour,2025/8/26 15:21,2025/8/26 15:38,2025/8/26 15:22,FINISH,960056,2025/8/26 15:38
dws_archive_call_chat_info,2025/8/26 15:21,2025/8/26 15:34,2025/8/26 15:23,FINISH,640387,2025/8/26 15:33
dwd_archive_voip_lis,2025/8/26 15:22,2025/8/26 15:32,2025/8/26 15:23,FINISH,570181,2025/8/26 15:32
dws_element_domain_region_day,2025/8/26 15:22,2025/8/26 15:33,2025/8/26 15:23,FINISH,621249,2025/8/26 15:33
dws_archive_high_freq_words,2025/8/26 15:22,2025/8/26 15:31,2025/8/26 15:23,FINISH,506128,2025/8/26 15:31
dwd_archive_vpn_other_log,2025/8/26 15:23,2025/8/26 15:34,2025/8/26 15:24,FINISH,609383,2025/8/26 15:34
dws_t_app_info,2025/8/26 15:23,2025/8/26 15:35,2025/8/26 15:24,FINISH,662895,2025/8/26 15:35
dws_t_app_visit_h_top,2025/8/26 15:23,2025/8/26 15:32,2025/8/26 15:24,FINISH,498457,2025/8/26 15:32
dws_er_user_ip,2025/8/26 15:24,2025/8/26 15:36,2025/8/26 15:25,FINISH,675815,2025/8/26 15:36
dws_archive_app_theme_info,2025/8/26 15:24,2025/8/26 15:39,2025/8/26 15:25,FINISH,802337,2025/8/26 15:39
dwd_archive_email_lis,2025/8/26 15:25,2025/8/26 15:34,2025/8/26 15:26,FINISH,502930,2025/8/26 15:34
ads_archive_email_statistics,2025/8/26 15:25,2025/8/26 15:39,2025/8/26 15:26,FINISH,729140,2025/8/26 15:38
dwd_archive_im_lis,2025/8/26 15:26,2025/8/26 15:35,2025/8/26 15:27,FINISH,502960,2025/8/26 15:35
dws_archive_vpn_info_hour,2025/8/26 15:26,2025/8/26 15:38,2025/8/26 15:27,FINISH,655638,2025/8/26 15:38
dwd_archive_vpn_lis,2025/8/26 15:27,2025/8/26 15:37,2025/8/26 15:28,FINISH,579122,2025/8/26 15:37
dws_element_app_region_day,2025/8/26 15:27,2025/8/26 15:39,2025/8/26 15:28,FINISH,655455,2025/8/26 15:39
dws_e_user_group_info,2025/8/26 15:27,2025/8/26 15:41,2025/8/26 15:28,FINISH,793795,2025/8/26 15:41
dws_archive_connection_day,2025/8/26 15:28,2025/8/26 15:39,2025/8/26 15:29,FINISH,592654,2025/8/26 15:39
dws_archive_web_theme_info,2025/8/26 15:28,2025/8/26 15:39,2025/8/26 15:29,FINISH,600015,2025/8/26 15:39
dwd_archive_vpn_url,2025/8/26 15:29,2025/8/26 15:38,2025/8/26 15:30,FINISH,472381,2025/8/26 15:38
ads_stats_blocking_h,2025/8/26 15:29,2025/8/26 15:41,2025/8/26 15:30,FINISH,688843,2025/8/26 15:41
dws_t_protocol_stats_h,2025/8/26 15:29,2025/8/26 15:48,2025/8/26 15:30,FINISH,1004628,2025/8/26 15:47
dws_archive_block_daily,2025/8/26 15:31,2025/8/26 15:43,2025/8/26 15:32,FINISH,623254,2025/8/26 15:42
dws_archive_nf_info_hour,2025/8/26 15:31,2025/8/26 15:43,2025/8/26 15:32,FINISH,642303,2025/8/26 15:42
dws_archive_radius_vir_hour,2025/8/26 15:32,2025/8/26 15:41,2025/8/26 15:33,FINISH,454248,2025/8/26 15:41
ads_stats_behavior_h_top,2025/8/26 15:33,2025/8/26 15:43,2025/8/26 15:34,FINISH,518472,2025/8/26 15:42
dws_archive_call_app_hour,2025/8/26 15:34,2025/8/26 15:44,2025/8/26 15:35,FINISH,562197,2025/8/26 15:44
dws_archive_radius_app_hour,2025/8/26 15:35,2025/8/26 15:44,2025/8/26 15:36,FINISH,497627,2025/8/26 15:44
dws_archive_call_virtual_hour,2025/8/26 15:36,2025/8/26 15:44,2025/8/26 15:37,FINISH,437140,2025/8/26 15:44
dwd_archive_nf_other_log_day,2025/8/26 15:37,2025/8/26 16:18,2025/8/26 15:38,FINISH,2383625,2025/8/26 16:17
ads_archive_radius_statistics,2025/8/26 15:37,2025/8/26 15:47,2025/8/26 15:38,FINISH,527971,2025/8/26 15:47
dws_archive_attach_day,2025/8/26 15:37,2025/8/26 15:45,2025/8/26 15:38,FINISH,451776,2025/8/26 15:45
dws_archive_call_behavior_day,2025/8/26 15:38,2025/8/26 15:46,2025/8/26 15:39,FINISH,430903,2025/8/26 15:46
dws_archive_radius_be_hour,2025/8/26 15:39,2025/8/26 15:47,2025/8/26 15:40,FINISH,428549,2025/8/26 15:47
dws_archive_app_behavior_hour,2025/8/26 15:39,2025/8/26 15:47,2025/8/26 15:40,FINISH,423915,2025/8/26 15:47
ads_archive_web_imp_target,2025/8/26 15:40,2025/8/26 15:48,2025/8/26 15:41,FINISH,411066,2025/8/26 15:48
dws_archive_call_behavior_hour,2025/8/26 15:40,2025/8/26 15:50,2025/8/26 15:41,FINISH,545908,2025/8/26 15:50
ads_archive_app_behavior_daily,2025/8/26 15:41,2025/8/26 15:52,2025/8/26 15:42,FINISH,555390,2025/8/26 15:51
ads_archive_web_statistics,2025/8/26 15:42,2025/8/26 15:49,2025/8/26 15:43,FINISH,379180,2025/8/26 15:49
ads_archive_call_statistics,2025/8/26 15:42,2025/8/26 15:53,2025/8/26 15:44,FINISH,557624,2025/8/26 15:53
ads_archive_app_imp_target,2025/8/26 15:43,2025/8/26 15:50,2025/8/26 15:44,FINISH,340049,2025/8/26 15:50
ads_archive_web_ip_daily,2025/8/26 15:44,2025/8/26 15:51,2025/8/26 15:45,FINISH,394827,2025/8/26 15:51
ads_archive_app_ip_daily,2025/8/26 15:45,2025/8/26 15:52,2025/8/26 15:46,FINISH,336958,2025/8/26 15:52
dws_archive_web_behavior_hour,2025/8/26 15:45,2025/8/26 15:52,2025/8/26 15:46,FINISH,331547,2025/8/26 15:52
ads_archive_app_statistics,2025/8/26 15:47,2025/8/26 15:54,2025/8/26 15:48,FINISH,335246,2025/8/26 15:54
ads_archive_web_behavior_daily,2025/8/26 15:47,2025/8/26 15:56,2025/8/26 15:48,FINISH,443248,2025/8/26 15:55
ads_stats_detail_h,2025/8/26 15:48,2025/8/26 15:53,2025/8/26 15:49,FINISH,234324,2025/8/26 15:53
dws_element_virtual_stat,2025/8/26 16:02,2025/8/26 16:07,2025/8/26 16:02,FINISH,282640,2025/8/26 16:07
dws_archive_bank_info,2025/8/26 16:06,2025/8/26 16:10,2025/8/26 16:06,FINISH,232571,2025/8/26 16:10
dwd_archive_fax,2025/8/26 16:06,2025/8/26 16:10,2025/8/26 16:06,FINISH,250516,2025/8/26 16:10
dwd_archive_others_lis,2025/8/26 16:06,2025/8/26 16:19,2025/8/26 16:07,FINISH,754409,2025/8/26 16:19
dws_element_virtual_region_d,2025/8/26 16:07,2025/8/26 16:17,2025/8/26 16:07,FINISH,606707,2025/8/26 16:17
dws_e_mobile_radius_info,2025/8/26 16:08,2025/8/26 16:15,2025/8/26 16:08,FINISH,393180,2025/8/26 16:15
dws_e_fixed_radius_info,2025/8/26 16:09,2025/8/26 16:16,2025/8/26 16:09,FINISH,375872,2025/8/26 16:16
dws_t_app_visit_h,2025/8/26 16:10,2025/8/26 16:21,2025/8/26 16:10,FINISH,612270,2025/8/26 16:21
dws_e_fixed_ip_info,2025/8/26 16:10,2025/8/26 16:21,2025/8/26 16:11,FINISH,595133,2025/8/26 16:21
dwd_archive_remote_lis,2025/8/26 16:11,2025/8/26 16:19,2025/8/26 16:11,FINISH,463600,2025/8/26 16:19
dwd_archive_http_lis,2025/8/26 16:11,2025/8/26 16:23,2025/8/26 16:11,FINISH,698310,2025/8/26 16:23
dwd_archive_nf_other_log,2025/8/26 16:11,2025/8/26 16:31,2025/8/26 16:11,FINISH,1192871,2025/8/26 16:31
dws_e_custom_user_info,2025/8/26 16:11,2025/8/26 16:24,2025/8/26 16:12,FINISH,670511,2025/8/26 16:23
dws_archive_email_phone_extrat,2025/8/26 16:12,2025/8/26 16:21,2025/8/26 16:12,FINISH,500863,2025/8/26 16:21
dwd_archive_call,2025/8/26 16:12,2025/8/26 16:21,2025/8/26 16:12,FINISH,485066,2025/8/26 16:20
dws_element_nf_protocol_info_h,2025/8/26 16:12,2025/8/26 16:24,2025/8/26 16:13,FINISH,683770,2025/8/26 16:24
dws_archive_email_behavior,2025/8/26 16:12,2025/8/26 16:24,2025/8/26 16:13,FINISH,677859,2025/8/26 16:24
dwd_archive_ftp_lis,2025/8/26 16:13,2025/8/26 16:22,2025/8/26 16:14,FINISH,483144,2025/8/26 16:22
dws_archive_email_nickname,2025/8/26 16:13,2025/8/26 16:27,2025/8/26 16:14,FINISH,781428,2025/8/26 16:27
dwd_archive_nf_url,2025/8/26 16:13,2025/8/26 16:27,2025/8/26 16:14,FINISH,791217,2025/8/26 16:27
dws_t_app_blocking_h,2025/8/26 16:13,2025/8/26 16:26,2025/8/26 16:14,FINISH,695668,2025/8/26 16:26
dws_archive_block_theme,2025/8/26 16:14,2025/8/26 16:26,2025/8/26 16:15,FINISH,671090,2025/8/26 16:26
dws_archive_radius_theme_info,2025/8/26 16:14,2025/8/26 16:31,2025/8/26 16:15,FINISH,931233,2025/8/26 16:31
dws_element_radius_auth_record,2025/8/26 16:15,2025/8/26 16:28,2025/8/26 16:16,FINISH,707061,2025/8/26 16:28
dws_archive_lis_info_hour,2025/8/26 16:15,2025/8/26 16:30,2025/8/26 16:16,FINISH,816895,2025/8/26 16:29
dws_archive_connect_info,2025/8/26 16:15,2025/8/26 16:27,2025/8/26 16:16,FINISH,676029,2025/8/26 16:27
dws_archive_email_password,2025/8/26 16:16,2025/8/26 16:26,2025/8/26 16:17,FINISH,537671,2025/8/26 16:26
dwd_archive_tool_lis,2025/8/26 16:16,2025/8/26 16:25,2025/8/26 16:17,FINISH,521599,2025/8/26 16:25
dwd_archive_sms,2025/8/26 16:17,2025/8/26 16:26,2025/8/26 16:18,FINISH,520356,2025/8/26 16:26
dws_archive_im_behavior,2025/8/26 16:17,2025/8/26 16:31,2025/8/26 16:18,FINISH,794455,2025/8/26 16:31
dws_element_phone_region_day,2025/8/26 16:17,2025/8/26 16:30,2025/8/26 16:18,FINISH,713581,2025/8/26 16:30
dws_archive_flight_info,2025/8/26 16:18,2025/8/26 16:29,2025/8/26 16:19,FINISH,551327,2025/8/26 16:28
dws_archive_app_block_hour,2025/8/26 16:18,2025/8/26 16:28,2025/8/26 16:19,FINISH,537111,2025/8/26 16:28
dws_archive_call_internet_info,2025/8/26 16:19,2025/8/26 16:37,2025/8/26 16:20,FINISH,1011819,2025/8/26 16:37
ads_archive_im_statistics,2025/8/26 16:20,2025/8/26 16:31,2025/8/26 16:21,FINISH,639603,2025/8/26 16:31
dws_archive_virtual_target,2025/8/26 16:20,2025/8/26 16:33,2025/8/26 16:21,FINISH,668642,2025/8/26 16:32
dws_archive_attach_info,2025/8/26 16:20,2025/8/26 16:34,2025/8/26 16:21,FINISH,738570,2025/8/26 16:33
ads_archive_email_statistics_c,2025/8/26 16:21,2025/8/26 16:34,2025/8/26 16:22,ERROR,690226,2025/8/26 16:34
ads_stats_behavior_h,2025/8/26 16:21,2025/8/26 16:33,2025/8/26 16:23,FINISH,622480,2025/8/26 16:33
dws_archive_call_chat_info,2025/8/26 16:21,2025/8/26 16:35,2025/8/26 16:23,FINISH,684274,2025/8/26 16:34
dws_archive_high_freq_words,2025/8/26 16:22,2025/8/26 16:33,2025/8/26 16:23,FINISH,635981,2025/8/26 16:33
dws_element_domain_region_day,2025/8/26 16:22,2025/8/26 16:33,2025/8/26 16:23,FINISH,617156,2025/8/26 16:33
dwd_archive_voip_lis,2025/8/26 16:22,2025/8/26 16:34,2025/8/26 16:23,FINISH,641919,2025/8/26 16:33
dwd_archive_vpn_other_log,2025/8/26 16:23,2025/8/26 16:34,2025/8/26 16:24,FINISH,602325,2025/8/26 16:34
dws_t_app_info,2025/8/26 16:23,2025/8/26 16:35,2025/8/26 16:24,FINISH,650250,2025/8/26 16:35
dws_t_app_visit_h_top,2025/8/26 16:24,2025/8/26 16:35,2025/8/26 16:25,FINISH,592227,2025/8/26 16:35
dws_archive_app_theme_info,2025/8/26 16:24,2025/8/26 16:40,2025/8/26 16:25,FINISH,851759,2025/8/26 16:39
dws_er_user_ip,2025/8/26 16:24,2025/8/26 16:37,2025/8/26 16:26,FINISH,683501,2025/8/26 16:37
dwd_archive_email_lis,2025/8/26 16:25,2025/8/26 16:36,2025/8/26 16:26,FINISH,596185,2025/8/26 16:36
dwd_archive_im_lis,2025/8/26 16:26,2025/8/26 16:37,2025/8/26 16:27,FINISH,598691,2025/8/26 16:37
dws_archive_vpn_info_hour,2025/8/26 16:26,2025/8/26 16:38,2025/8/26 16:27,FINISH,657071,2025/8/26 16:38
dwd_archive_vpn_lis,2025/8/26 16:27,2025/8/26 16:38,2025/8/26 16:28,FINISH,585441,2025/8/26 16:38
dws_element_app_region_day,2025/8/26 16:27,2025/8/26 16:41,2025/8/26 16:28,FINISH,785701,2025/8/26 16:41
dws_e_user_group_info,2025/8/26 16:27,2025/8/26 16:39,2025/8/26 16:28,FINISH,660512,2025/8/26 16:39
ads_stats_blocking_h,2025/8/26 16:27,2025/8/26 16:37,2025/8/26 16:28,FINISH,529806,2025/8/26 16:37
dws_archive_web_theme_info,2025/8/26 16:28,2025/8/26 16:40,2025/8/26 16:29,FINISH,615132,2025/8/26 16:39
dws_archive_connection_day,2025/8/26 16:28,2025/8/26 16:38,2025/8/26 16:29,FINISH,508195,2025/8/26 16:38
dwd_archive_vpn_url,2025/8/26 16:29,2025/8/26 16:39,2025/8/26 16:30,FINISH,499007,2025/8/26 16:38
dws_t_protocol_stats_h,2025/8/26 16:29,2025/8/26 16:47,2025/8/26 16:30,FINISH,967290,2025/8/26 16:46
dws_archive_block_daily,2025/8/26 16:31,2025/8/26 16:40,2025/8/26 16:32,FINISH,462611,2025/8/26 16:39
dws_archive_nf_info_hour,2025/8/26 16:31,2025/8/26 16:43,2025/8/26 16:32,FINISH,700056,2025/8/26 16:43
dws_archive_radius_vir_hour,2025/8/26 16:31,2025/8/26 16:41,2025/8/26 16:33,FINISH,503994,2025/8/26 16:41
dws_archive_radius_app_hour,2025/8/26 16:34,2025/8/26 16:44,2025/8/26 16:35,FINISH,527130,2025/8/26 16:44
dws_archive_attach_day,2025/8/26 16:34,2025/8/26 16:42,2025/8/26 16:36,FINISH,410404,2025/8/26 16:42
ads_archive_email_statistics,2025/8/26 16:35,2025/8/26 16:49,2025/8/26 16:36,FINISH,736486,2025/8/26 16:48
dws_archive_call_behavior_day,2025/8/26 16:35,2025/8/26 16:43,2025/8/26 16:36,FINISH,413010,2025/8/26 16:43
ads_stats_behavior_h_top,2025/8/26 16:36,2025/8/26 16:44,2025/8/26 16:37,FINISH,428889,2025/8/26 16:44
ads_archive_radius_statistics,2025/8/26 16:36,2025/8/26 16:48,2025/8/26 16:37,FINISH,662360,2025/8/26 16:48
dws_archive_call_app_hour,2025/8/26 16:38,2025/8/26 16:47,2025/8/26 16:39,FINISH,502212,2025/8/26 16:47
dws_archive_radius_be_hour,2025/8/26 16:38,2025/8/26 16:46,2025/8/26 16:39,FINISH,424778,2025/8/26 16:46
dws_archive_call_behavior_hour,2025/8/26 16:40,2025/8/26 16:51,2025/8/26 16:41,FINISH,632128,2025/8/26 16:51
ads_archive_web_imp_target,2025/8/26 16:40,2025/8/26 16:48,2025/8/26 16:41,FINISH,415843,2025/8/26 16:48
dws_archive_app_behavior_hour,2025/8/26 16:40,2025/8/26 16:48,2025/8/26 16:41,FINISH,411451,2025/8/26 16:48
dws_archive_call_virtual_hour,2025/8/26 16:41,2025/8/26 16:49,2025/8/26 16:42,FINISH,403605,2025/8/26 16:49
ads_archive_web_statistics,2025/8/26 16:42,2025/8/26 16:49,2025/8/26 16:43,FINISH,397643,2025/8/26 16:49
ads_archive_app_behavior_daily,2025/8/26 16:42,2025/8/26 16:53,2025/8/26 16:43,FINISH,591371,2025/8/26 16:53
ads_archive_call_statistics,2025/8/26 16:43,2025/8/26 16:55,2025/8/26 16:45,FINISH,629253,2025/8/26 16:55
ads_archive_web_ip_daily,2025/8/26 16:44,2025/8/26 16:52,2025/8/26 16:45,FINISH,442443,2025/8/26 16:52
ads_archive_app_imp_target,2025/8/26 16:44,2025/8/26 16:52,2025/8/26 16:45,FINISH,410591,2025/8/26 16:51
ads_archive_app_ip_daily,2025/8/26 16:46,2025/8/26 16:53,2025/8/26 16:46,FINISH,373434,2025/8/26 16:53
dws_archive_web_behavior_hour,2025/8/26 16:46,2025/8/26 16:52,2025/8/26 16:46,FINISH,347095,2025/8/26 16:52
ads_archive_app_statistics,2025/8/26 16:47,2025/8/26 16:54,2025/8/26 16:48,FINISH,339354,2025/8/26 16:54
ads_archive_web_behavior_daily,2025/8/26 16:47,2025/8/26 16:55,2025/8/26 16:48,FINISH,388309,2025/8/26 16:55
ads_stats_detail_h,2025/8/26 16:48,2025/8/26 16:53,2025/8/26 16:49,FINISH,288480,2025/8/26 16:53
ads_archive_email_statistics,2025/8/26 16:49,2025/8/26 16:56,2025/8/26 16:50,ERROR,336966,2025/8/26 16:56
dws_element_virtual_stat,2025/8/26 17:02,2025/8/26 17:06,2025/8/26 17:02,FINISH,248365,2025/8/26 17:06
dws_archive_bank_info,2025/8/26 17:06,2025/8/26 17:10,2025/8/26 17:06,FINISH,206518,2025/8/26 17:09
dwd_archive_fax,2025/8/26 17:06,2025/8/26 17:10,2025/8/26 17:06,FINISH,223549,2025/8/26 17:10
dwd_archive_others_lis,2025/8/26 17:06,2025/8/26 17:20,2025/8/26 17:07,FINISH,769934,2025/8/26 17:19
dws_element_virtual_region_d,2025/8/26 17:07,2025/8/26 17:17,2025/8/26 17:07,FINISH,586586,2025/8/26 17:17
dws_e_mobile_radius_info,2025/8/26 17:08,2025/8/26 17:19,2025/8/26 17:08,FINISH,590571,2025/8/26 17:18
dws_e_fixed_radius_info,2025/8/26 17:09,2025/8/26 17:16,2025/8/26 17:09,FINISH,399787,2025/8/26 17:16
dws_t_app_visit_h,2025/8/26 17:10,2025/8/26 17:20,2025/8/26 17:10,FINISH,556165,2025/8/26 17:20
dws_e_fixed_ip_info,2025/8/26 17:10,2025/8/26 17:21,2025/8/26 17:11,FINISH,593909,2025/8/26 17:20
dwd_archive_remote_lis,2025/8/26 17:11,2025/8/26 17:19,2025/8/26 17:11,FINISH,455197,2025/8/26 17:19
dwd_archive_http_lis,2025/8/26 17:11,2025/8/26 17:26,2025/8/26 17:11,FINISH,886582,2025/8/26 17:26
dwd_archive_nf_other_log,2025/8/26 17:11,2025/8/26 17:30,2025/8/26 17:11,FINISH,1144497,2025/8/26 17:30
dws_e_custom_user_info,2025/8/26 17:11,2025/8/26 17:26,2025/8/26 17:12,FINISH,823396,2025/8/26 17:26
dwd_archive_call,2025/8/26 17:12,2025/8/26 17:21,2025/8/26 17:12,FINISH,517622,2025/8/26 17:21
dws_archive_email_phone_extrat,2025/8/26 17:12,2025/8/26 17:21,2025/8/26 17:12,FINISH,504282,2025/8/26 17:21
dws_element_nf_protocol_info_h,2025/8/26 17:12,2025/8/26 17:27,2025/8/26 17:13,FINISH,862874,2025/8/26 17:27
dws_archive_email_behavior,2025/8/26 17:12,2025/8/26 17:27,2025/8/26 17:13,FINISH,870980,2025/8/26 17:27
dwd_archive_ftp_lis,2025/8/26 17:13,2025/8/26 17:22,2025/8/26 17:14,FINISH,486634,2025/8/26 17:22
dws_archive_email_nickname,2025/8/26 17:13,2025/8/26 17:25,2025/8/26 17:14,FINISH,651223,2025/8/26 17:24
dwd_archive_nf_url,2025/8/26 17:13,2025/8/26 17:27,2025/8/26 17:14,FINISH,820777,2025/8/26 17:27
dws_t_app_blocking_h,2025/8/26 17:13,2025/8/26 17:28,2025/8/26 17:14,FINISH,809481,2025/8/26 17:27
ads_archive_email_statistics,2025/8/26 17:13,2025/8/26 17:31,2025/8/26 17:15,ERROR,955528,2025/8/26 17:30
dws_archive_block_theme,2025/8/26 17:14,2025/8/26 17:26,2025/8/26 17:15,FINISH,689598,2025/8/26 17:26
dws_archive_radius_theme_info,2025/8/26 17:14,2025/8/26 17:35,2025/8/26 17:15,FINISH,1187762,2025/8/26 17:35
dws_element_radius_auth_record,2025/8/26 17:15,2025/8/26 17:31,2025/8/26 17:16,FINISH,881749,2025/8/26 17:31
dws_archive_lis_info_hour,2025/8/26 17:15,2025/8/26 17:31,2025/8/26 17:16,FINISH,920705,2025/8/26 17:31
dws_archive_connect_info,2025/8/26 17:15,2025/8/26 17:27,2025/8/26 17:16,FINISH,660829,2025/8/26 17:27
dws_archive_email_password,2025/8/26 17:16,2025/8/26 17:26,2025/8/26 17:17,FINISH,540691,2025/8/26 17:26
dwd_archive_tool_lis,2025/8/26 17:16,2025/8/26 17:25,2025/8/26 17:17,FINISH,513386,2025/8/26 17:25
dwd_archive_sms,2025/8/26 17:17,2025/8/26 17:28,2025/8/26 17:18,FINISH,594285,2025/8/26 17:28
dws_archive_im_behavior,2025/8/26 17:17,2025/8/26 17:26,2025/8/26 17:18,FINISH,519223,2025/8/26 17:26
dws_element_phone_region_day,2025/8/26 17:17,2025/8/26 17:30,2025/8/26 17:18,FINISH,710257,2025/8/26 17:30
dws_archive_flight_info,2025/8/26 17:18,2025/8/26 17:29,2025/8/26 17:19,FINISH,595235,2025/8/26 17:29
dws_archive_app_block_hour,2025/8/26 17:18,2025/8/26 17:30,2025/8/26 17:19,FINISH,653107,2025/8/26 17:30
dws_archive_call_internet_info,2025/8/26 17:19,2025/8/26 17:36,2025/8/26 17:20,FINISH,925063,2025/8/26 17:36
ads_archive_im_statistics,2025/8/26 17:20,2025/8/26 17:32,2025/8/26 17:21,FINISH,667735,2025/8/26 17:32
dws_archive_virtual_target,2025/8/26 17:20,2025/8/26 17:36,2025/8/26 17:21,FINISH,815748,2025/8/26 17:34
dws_archive_attach_info,2025/8/26 17:20,2025/8/26 17:38,2025/8/26 17:21,FINISH,963570,2025/8/26 17:37
ads_stats_behavior_h,2025/8/26 17:20,2025/8/26 17:32,2025/8/26 17:22,FINISH,620394,2025/8/26 17:32
dws_archive_call_chat_info,2025/8/26 17:21,2025/8/26 17:34,2025/8/26 17:23,FINISH,673671,2025/8/26 17:34
dws_element_domain_region_day,2025/8/26 17:22,2025/8/26 17:33,2025/8/26 17:23,FINISH,635880,2025/8/26 17:33
dwd_archive_voip_lis,2025/8/26 17:22,2025/8/26 17:32,2025/8/26 17:23,FINISH,550494,2025/8/26 17:32
dws_archive_high_freq_words,2025/8/26 17:22,2025/8/26 17:32,2025/8/26 17:23,FINISH,576359,2025/8/26 17:32
dwd_archive_vpn_other_log,2025/8/26 17:23,2025/8/26 17:34,2025/8/26 17:24,FINISH,615225,2025/8/26 17:34
dws_t_app_info,2025/8/26 17:23,2025/8/26 17:36,2025/8/26 17:24,FINISH,707609,2025/8/26 17:36
dws_t_app_visit_h_top,2025/8/26 17:23,2025/8/26 17:34,2025/8/26 17:24,FINISH,616777,2025/8/26 17:34
dws_archive_app_theme_info,2025/8/26 17:24,2025/8/26 17:41,2025/8/26 17:25,FINISH,963293,2025/8/26 17:41
dwd_archive_email_lis,2025/8/26 17:25,2025/8/26 17:36,2025/8/26 17:26,FINISH,595799,2025/8/26 17:36
dwd_archive_im_lis,2025/8/26 17:26,2025/8/26 17:37,2025/8/26 17:27,FINISH,597956,2025/8/26 17:37
dws_archive_vpn_info_hour,2025/8/26 17:26,2025/8/26 17:38,2025/8/26 17:27,FINISH,659888,2025/8/26 17:38
dwd_archive_vpn_lis,2025/8/26 17:27,2025/8/26 17:36,2025/8/26 17:28,FINISH,499708,2025/8/26 17:36
dws_e_user_group_info,2025/8/26 17:27,2025/8/26 17:39,2025/8/26 17:28,FINISH,667718,2025/8/26 17:39
dws_element_app_region_day,2025/8/26 17:27,2025/8/26 17:39,2025/8/26 17:28,FINISH,667854,2025/8/26 17:39
dws_er_user_ip,2025/8/26 17:27,2025/8/26 17:39,2025/8/26 17:28,FINISH,665237,2025/8/26 17:39
dws_archive_connection_day,2025/8/26 17:28,2025/8/26 17:39,2025/8/26 17:29,FINISH,581336,2025/8/26 17:39
dws_archive_web_theme_info,2025/8/26 17:28,2025/8/26 17:39,2025/8/26 17:29,FINISH,600274,2025/8/26 17:39
dwd_archive_vpn_url,2025/8/26 17:29,2025/8/26 17:38,2025/8/26 17:30,FINISH,476095,2025/8/26 17:38
ads_stats_blocking_h,2025/8/26 17:29,2025/8/26 17:38,2025/8/26 17:30,FINISH,508383,2025/8/26 17:38
dws_t_protocol_stats_h,2025/8/26 17:29,2025/8/26 17:48,2025/8/26 17:30,FINISH,1027164,2025/8/26 17:48
dws_archive_block_daily,2025/8/26 17:31,2025/8/26 17:40,2025/8/26 17:32,FINISH,477874,2025/8/26 17:40
dws_archive_nf_info_hour,2025/8/26 17:31,2025/8/26 17:43,2025/8/26 17:32,FINISH,687757,2025/8/26 17:43
ads_archive_email_statistics,2025/8/26 17:35,2025/8/26 17:49,2025/8/26 17:36,FINISH,760810,2025/8/26 17:48
ads_stats_behavior_h_top,2025/8/26 17:35,2025/8/26 17:43,2025/8/26 17:36,FINISH,417552,2025/8/26 17:43
dws_archive_call_behavior_day,2025/8/26 17:35,2025/8/26 17:43,2025/8/26 17:36,FINISH,428445,2025/8/26 17:43
dws_archive_radius_vir_hour,2025/8/26 17:36,2025/8/26 17:44,2025/8/26 17:37,FINISH,438790,2025/8/26 17:44
dws_archive_call_app_hour,2025/8/26 17:37,2025/8/26 17:46,2025/8/26 17:38,FINISH,484763,2025/8/26 17:46
dws_archive_radius_app_hour,2025/8/26 17:38,2025/8/26 17:47,2025/8/26 17:39,FINISH,494218,2025/8/26 17:47
dws_archive_attach_day,2025/8/26 17:38,2025/8/26 17:46,2025/8/26 17:39,FINISH,418067,2025/8/26 17:46
dws_archive_call_behavior_hour,2025/8/26 17:39,2025/8/26 17:49,2025/8/26 17:40,FINISH,550792,2025/8/26 17:49
ads_archive_radius_statistics,2025/8/26 17:40,2025/8/26 17:51,2025/8/26 17:41,FINISH,607492,2025/8/26 17:51
ads_archive_web_imp_target,2025/8/26 17:40,2025/8/26 17:48,2025/8/26 17:41,FINISH,432683,2025/8/26 17:48
dws_archive_call_virtual_hour,2025/8/26 17:41,2025/8/26 17:48,2025/8/26 17:41,FINISH,407247,2025/8/26 17:48
dws_archive_radius_be_hour,2025/8/26 17:41,2025/8/26 17:49,2025/8/26 17:42,FINISH,410335,2025/8/26 17:49
ads_archive_web_statistics,2025/8/26 17:42,2025/8/26 17:50,2025/8/26 17:43,FINISH,415059,2025/8/26 17:49
dws_archive_app_behavior_hour,2025/8/26 17:42,2025/8/26 17:50,2025/8/26 17:43,FINISH,397836,2025/8/26 17:49
ads_archive_call_statistics,2025/8/26 17:42,2025/8/26 17:53,2025/8/26 17:44,FINISH,518183,2025/8/26 17:52
ads_archive_web_ip_daily,2025/8/26 17:43,2025/8/26 17:52,2025/8/26 17:44,FINISH,419622,2025/8/26 17:51
ads_archive_app_behavior_daily,2025/8/26 17:44,2025/8/26 17:54,2025/8/26 17:45,FINISH,555019,2025/8/26 17:54
dws_archive_web_behavior_hour,2025/8/26 17:45,2025/8/26 17:52,2025/8/26 17:46,FINISH,335113,2025/8/26 17:52
ads_archive_app_imp_target,2025/8/26 17:46,2025/8/26 17:52,2025/8/26 17:47,FINISH,336139,2025/8/26 17:52
ads_archive_web_behavior_daily,2025/8/26 17:47,2025/8/26 17:55,2025/8/26 17:48,FINISH,373638,2025/8/26 17:55
ads_archive_app_ip_daily,2025/8/26 17:47,2025/8/26 17:54,2025/8/26 17:48,FINISH,328602,2025/8/26 17:54
ads_stats_detail_h,2025/8/26 17:49,2025/8/26 17:54,2025/8/26 17:50,FINISH,236366,2025/8/26 17:54
ads_archive_app_statistics,2025/8/26 17:49,2025/8/26 17:55,2025/8/26 17:50,FINISH,283240,2025/8/26 17:55
dws_element_virtual_stat,2025/8/26 18:02,2025/8/26 18:07,2025/8/26 18:02,FINISH,271323,2025/8/26 18:07
dws_archive_bank_info,2025/8/26 18:06,2025/8/26 18:10,2025/8/26 18:06,FINISH,208423,2025/8/26 18:09
dwd_archive_fax,2025/8/26 18:06,2025/8/26 18:10,2025/8/26 18:06,FINISH,219860,2025/8/26 18:10
dwd_archive_others_lis,2025/8/26 18:06,2025/8/26 18:19,2025/8/26 18:07,FINISH,752462,2025/8/26 18:19
dws_element_virtual_region_d,2025/8/26 18:07,2025/8/26 18:14,2025/8/26 18:07,FINISH,405811,2025/8/26 18:14
dws_e_mobile_radius_info,2025/8/26 18:08,2025/8/26 18:19,2025/8/26 18:08,FINISH,571678,2025/8/26 18:18
dws_e_fixed_radius_info,2025/8/26 18:09,2025/8/26 18:15,2025/8/26 18:09,FINISH,330432,2025/8/26 18:15
dws_t_app_visit_h,2025/8/26 18:10,2025/8/26 18:20,2025/8/26 18:10,FINISH,568619,2025/8/26 18:20
dws_e_fixed_ip_info,2025/8/26 18:10,2025/8/26 18:23,2025/8/26 18:11,FINISH,728366,2025/8/26 18:23
dwd_archive_remote_lis,2025/8/26 18:11,2025/8/26 18:18,2025/8/26 18:11,FINISH,418689,2025/8/26 18:18
dwd_archive_http_lis,2025/8/26 18:11,2025/8/26 18:24,2025/8/26 18:11,FINISH,739552,2025/8/26 18:24
dwd_archive_nf_other_log,2025/8/26 18:11,2025/8/26 18:32,2025/8/26 18:11,FINISH,1242216,2025/8/26 18:32
dws_e_custom_user_info,2025/8/26 18:11,2025/8/26 18:23,2025/8/26 18:12,FINISH,662477,2025/8/26 18:23
dws_archive_email_phone_extrat,2025/8/26 18:12,2025/8/26 18:21,2025/8/26 18:12,FINISH,486622,2025/8/26 18:20
dwd_archive_call,2025/8/26 18:12,2025/8/26 18:20,2025/8/26 18:12,FINISH,473423,2025/8/26 18:20
dws_element_nf_protocol_info_h,2025/8/26 18:12,2025/8/26 18:24,2025/8/26 18:13,FINISH,664781,2025/8/26 18:24
dws_archive_email_behavior,2025/8/26 18:12,2025/8/26 18:24,2025/8/26 18:13,FINISH,705588,2025/8/26 18:24
dwd_archive_ftp_lis,2025/8/26 18:13,2025/8/26 18:22,2025/8/26 18:14,FINISH,517305,2025/8/26 18:22
dws_archive_email_nickname,2025/8/26 18:13,2025/8/26 18:24,2025/8/26 18:14,FINISH,626658,2025/8/26 18:24
dwd_archive_nf_url,2025/8/26 18:13,2025/8/26 18:27,2025/8/26 18:14,FINISH,792234,2025/8/26 18:27
dws_t_app_blocking_h,2025/8/26 18:13,2025/8/26 18:25,2025/8/26 18:14,FINISH,652912,2025/8/26 18:25
dws_archive_block_theme,2025/8/26 18:14,2025/8/26 18:28,2025/8/26 18:15,FINISH,797714,2025/8/26 18:28
dws_archive_radius_theme_info,2025/8/26 18:14,2025/8/26 18:34,2025/8/26 18:15,FINISH,1150047,2025/8/26 18:34
dws_element_radius_auth_record,2025/8/26 18:15,2025/8/26 18:28,2025/8/26 18:16,FINISH,677828,2025/8/26 18:27
dws_archive_lis_info_hour,2025/8/26 18:15,2025/8/26 18:31,2025/8/26 18:16,FINISH,892635,2025/8/26 18:31
dws_archive_connect_info,2025/8/26 18:15,2025/8/26 18:27,2025/8/26 18:16,FINISH,672603,2025/8/26 18:27
dws_archive_email_password,2025/8/26 18:16,2025/8/26 18:25,2025/8/26 18:17,FINISH,517901,2025/8/26 18:25
dwd_archive_tool_lis,2025/8/26 18:16,2025/8/26 18:25,2025/8/26 18:17,FINISH,499861,2025/8/26 18:25
dws_archive_im_behavior,2025/8/26 18:17,2025/8/26 18:27,2025/8/26 18:18,FINISH,544602,2025/8/26 18:27
dwd_archive_sms,2025/8/26 18:17,2025/8/26 18:27,2025/8/26 18:18,FINISH,574814,2025/8/26 18:27
dws_element_phone_region_day,2025/8/26 18:17,2025/8/26 18:30,2025/8/26 18:18,FINISH,692834,2025/8/26 18:29
dws_archive_flight_info,2025/8/26 18:18,2025/8/26 18:27,2025/8/26 18:19,FINISH,471874,2025/8/26 18:26
dws_archive_app_block_hour,2025/8/26 18:18,2025/8/26 18:28,2025/8/26 18:19,FINISH,576619,2025/8/26 18:28
dws_archive_call_internet_info,2025/8/26 18:19,2025/8/26 18:39,2025/8/26 18:20,FINISH,1122510,2025/8/26 18:39
ads_archive_im_statistics,2025/8/26 18:20,2025/8/26 18:34,2025/8/26 18:21,FINISH,770878,2025/8/26 18:34
dws_archive_virtual_target,2025/8/26 18:20,2025/8/26 18:33,2025/8/26 18:21,FINISH,667148,2025/8/26 18:32
dws_archive_attach_info,2025/8/26 18:20,2025/8/26 18:37,2025/8/26 18:21,FINISH,928932,2025/8/26 18:37
ads_stats_behavior_h,2025/8/26 18:21,2025/8/26 18:32,2025/8/26 18:22,FINISH,612782,2025/8/26 18:32
dws_archive_call_chat_info,2025/8/26 18:21,2025/8/26 18:34,2025/8/26 18:23,FINISH,645048,2025/8/26 18:33
dws_element_domain_region_day,2025/8/26 18:22,2025/8/26 18:31,2025/8/26 18:23,FINISH,510235,2025/8/26 18:31
dws_archive_high_freq_words,2025/8/26 18:22,2025/8/26 18:32,2025/8/26 18:23,FINISH,581614,2025/8/26 18:32
dwd_archive_voip_lis,2025/8/26 18:22,2025/8/26 18:32,2025/8/26 18:23,FINISH,578619,2025/8/26 18:32
dwd_archive_vpn_other_log,2025/8/26 18:23,2025/8/26 18:32,2025/8/26 18:24,FINISH,497041,2025/8/26 18:32
dws_t_app_info,2025/8/26 18:23,2025/8/26 18:35,2025/8/26 18:24,FINISH,662325,2025/8/26 18:35
dws_t_app_visit_h_top,2025/8/26 18:23,2025/8/26 18:34,2025/8/26 18:24,FINISH,617155,2025/8/26 18:34
dws_archive_app_theme_info,2025/8/26 18:24,2025/8/26 18:42,2025/8/26 18:25,FINISH,994569,2025/8/26 18:42
dws_er_user_ip,2025/8/26 18:24,2025/8/26 18:37,2025/8/26 18:26,FINISH,664545,2025/8/26 18:37
dwd_archive_email_lis,2025/8/26 18:25,2025/8/26 18:34,2025/8/26 18:26,FINISH,495278,2025/8/26 18:34
dwd_archive_im_lis,2025/8/26 18:26,2025/8/26 18:37,2025/8/26 18:27,FINISH,587785,2025/8/26 18:37
dws_archive_vpn_info_hour,2025/8/26 18:26,2025/8/26 18:37,2025/8/26 18:27,FINISH,617629,2025/8/26 18:37
ads_stats_blocking_h,2025/8/26 18:26,2025/8/26 18:35,2025/8/26 18:27,FINISH,487724,2025/8/26 18:35
dwd_archive_vpn_lis,2025/8/26 18:27,2025/8/26 18:38,2025/8/26 18:28,FINISH,599218,2025/8/26 18:38
dws_element_app_region_day,2025/8/26 18:27,2025/8/26 18:41,2025/8/26 18:28,FINISH,765098,2025/8/26 18:41
dws_e_user_group_info,2025/8/26 18:27,2025/8/26 18:39,2025/8/26 18:28,FINISH,655733,2025/8/26 18:39
dwd_archive_nf_url_day,2025/8/26 18:28,2025/8/26 18:50,2025/8/26 18:29,FINISH,1243332,2025/8/26 18:49
dws_archive_web_theme_info,2025/8/26 18:28,2025/8/26 18:41,2025/8/26 18:29,FINISH,725747,2025/8/26 18:41
dws_archive_connection_day,2025/8/26 18:28,2025/8/26 18:38,2025/8/26 18:29,FINISH,470886,2025/8/26 18:37
dwd_archive_vpn_url,2025/8/26 18:29,2025/8/26 18:38,2025/8/26 18:30,FINISH,490000,2025/8/26 18:38
dws_t_protocol_stats_h,2025/8/26 18:29,2025/8/26 18:47,2025/8/26 18:30,FINISH,943553,2025/8/26 18:46
dws_archive_block_daily,2025/8/26 18:31,2025/8/26 18:40,2025/8/26 18:32,FINISH,450258,2025/8/26 18:39
dws_archive_nf_info_hour,2025/8/26 18:31,2025/8/26 18:41,2025/8/26 18:32,FINISH,561809,2025/8/26 18:41
dws_archive_call_behavior_day,2025/8/26 18:34,2025/8/26 18:43,2025/8/26 18:36,FINISH,439316,2025/8/26 18:43
ads_archive_email_statistics,2025/8/26 18:35,2025/8/26 18:49,2025/8/26 18:36,FINISH,734381,2025/8/26 18:48
ads_stats_behavior_h_top,2025/8/26 18:35,2025/8/26 18:43,2025/8/26 18:36,FINISH,410234,2025/8/26 18:43
dws_archive_radius_vir_hour,2025/8/26 18:35,2025/8/26 18:43,2025/8/26 18:36,FINISH,406468,2025/8/26 18:43
dwd_archive_nf_other_log_day,2025/8/26 18:37,2025/8/26 19:28,2025/8/26 18:38,FINISH,2986012,2025/8/26 19:27
dws_archive_radius_app_hour,2025/8/26 18:37,2025/8/26 18:47,2025/8/26 18:38,FINISH,511738,2025/8/26 18:47
dws_archive_attach_day,2025/8/26 18:38,2025/8/26 18:45,2025/8/26 18:39,FINISH,409346,2025/8/26 18:45
ads_archive_radius_statistics,2025/8/26 18:39,2025/8/26 18:48,2025/8/26 18:40,FINISH,497419,2025/8/26 18:48
dws_archive_call_app_hour,2025/8/26 18:40,2025/8/26 18:49,2025/8/26 18:40,FINISH,497251,2025/8/26 18:49
dws_archive_radius_be_hour,2025/8/26 18:41,2025/8/26 18:48,2025/8/26 18:42,FINISH,389433,2025/8/26 18:48
dws_archive_call_behavior_hour,2025/8/26 18:41,2025/8/26 18:51,2025/8/26 18:42,FINISH,528864,2025/8/26 18:51
ads_archive_web_imp_target,2025/8/26 18:42,2025/8/26 18:49,2025/8/26 18:43,FINISH,404133,2025/8/26 18:49
dws_archive_app_behavior_hour,2025/8/26 18:42,2025/8/26 18:50,2025/8/26 18:43,FINISH,403236,2025/8/26 18:50
dws_archive_call_virtual_hour,2025/8/26 18:43,2025/8/26 18:51,2025/8/26 18:44,FINISH,414561,2025/8/26 18:51
ads_archive_web_statistics,2025/8/26 18:43,2025/8/26 18:51,2025/8/26 18:44,FINISH,396143,2025/8/26 18:51
ads_archive_app_behavior_daily,2025/8/26 18:44,2025/8/26 18:55,2025/8/26 18:45,FINISH,568455,2025/8/26 18:54
ads_archive_call_statistics,2025/8/26 18:45,2025/8/26 18:56,2025/8/26 18:46,FINISH,541634,2025/8/26 18:55
ads_archive_web_ip_daily,2025/8/26 18:45,2025/8/26 18:53,2025/8/26 18:46,FINISH,419217,2025/8/26 18:53
ads_archive_app_imp_target,2025/8/26 18:46,2025/8/26 18:53,2025/8/26 18:47,FINISH,357069,2025/8/26 18:53
dws_archive_web_behavior_hour,2025/8/26 18:47,2025/8/26 18:54,2025/8/26 18:48,FINISH,313647,2025/8/26 18:54
ads_stats_detail_h,2025/8/26 18:47,2025/8/26 18:54,2025/8/26 18:48,FINISH,323421,2025/8/26 18:54
ads_archive_app_ip_daily,2025/8/26 18:48,2025/8/26 18:55,2025/8/26 18:49,FINISH,340594,2025/8/26 18:54
ads_archive_web_behavior_daily,2025/8/26 18:49,2025/8/26 18:56,2025/8/26 18:50,FINISH,373649,2025/8/26 18:56
ads_archive_app_statistics,2025/8/26 18:50,2025/8/26 18:56,2025/8/26 18:51,FINISH,330109,2025/8/26 18:56
dws_element_virtual_stat,2025/8/26 19:02,2025/8/26 19:07,2025/8/26 19:02,FINISH,272653,2025/8/26 19:07
dws_archive_bank_info,2025/8/26 19:06,2025/8/26 19:10,2025/8/26 19:06,FINISH,238283,2025/8/26 19:10
dwd_archive_fax,2025/8/26 19:06,2025/8/26 19:10,2025/8/26 19:06,FINISH,230575,2025/8/26 19:10
dwd_archive_others_lis,2025/8/26 19:06,2025/8/26 19:19,2025/8/26 19:07,FINISH,744332,2025/8/26 19:19
dws_element_virtual_region_d,2025/8/26 19:07,2025/8/26 19:14,2025/8/26 19:07,FINISH,405997,2025/8/26 19:14
dws_e_mobile_radius_info,2025/8/26 19:08,2025/8/26 19:16,2025/8/26 19:08,FINISH,391475,2025/8/26 19:15
dws_e_fixed_radius_info,2025/8/26 19:09,2025/8/26 19:16,2025/8/26 19:09,FINISH,371653,2025/8/26 19:16
dws_t_app_visit_h,2025/8/26 19:10,2025/8/26 19:22,2025/8/26 19:10,FINISH,716122,2025/8/26 19:22
dws_e_fixed_ip_info,2025/8/26 19:10,2025/8/26 19:21,2025/8/26 19:11,FINISH,592158,2025/8/26 19:20
dwd_archive_remote_lis,2025/8/26 19:11,2025/8/26 19:19,2025/8/26 19:11,FINISH,431673,2025/8/26 19:18
dwd_archive_http_lis,2025/8/26 19:11,2025/8/26 19:23,2025/8/26 19:11,FINISH,707005,2025/8/26 19:23
dwd_archive_nf_other_log,2025/8/26 19:11,2025/8/26 19:33,2025/8/26 19:11,FINISH,1285673,2025/8/26 19:33
dws_e_custom_user_info,2025/8/26 19:11,2025/8/26 19:22,2025/8/26 19:12,FINISH,605671,2025/8/26 19:22
dws_archive_email_phone_extrat,2025/8/26 19:12,2025/8/26 19:21,2025/8/26 19:12,FINISH,479509,2025/8/26 19:20
dwd_archive_call,2025/8/26 19:12,2025/8/26 19:21,2025/8/26 19:12,FINISH,521563,2025/8/26 19:21
dws_archive_email_behavior,2025/8/26 19:12,2025/8/26 19:24,2025/8/26 19:13,FINISH,691555,2025/8/26 19:24
dws_element_nf_protocol_info_h,2025/8/26 19:12,2025/8/26 19:27,2025/8/26 19:13,FINISH,869328,2025/8/26 19:27
dwd_archive_ftp_lis,2025/8/26 19:13,2025/8/26 19:22,2025/8/26 19:14,FINISH,505233,2025/8/26 19:22
dws_archive_email_nickname,2025/8/26 19:13,2025/8/26 19:24,2025/8/26 19:14,FINISH,628163,2025/8/26 19:24
dwd_archive_nf_url,2025/8/26 19:13,2025/8/26 19:28,2025/8/26 19:14,FINISH,844974,2025/8/26 19:28
dws_t_app_blocking_h,2025/8/26 19:13,2025/8/26 19:28,2025/8/26 19:14,FINISH,806862,2025/8/26 19:27
dws_archive_block_theme,2025/8/26 19:14,2025/8/26 19:28,2025/8/26 19:15,FINISH,809329,2025/8/26 19:28
dws_archive_radius_theme_info,2025/8/26 19:14,2025/8/26 19:28,2025/8/26 19:15,FINISH,785105,2025/8/26 19:28
dws_element_radius_auth_record,2025/8/26 19:15,2025/8/26 19:32,2025/8/26 19:16,FINISH,954591,2025/8/26 19:32
dws_archive_lis_info_hour,2025/8/26 19:15,2025/8/26 19:28,2025/8/26 19:16,FINISH,745315,2025/8/26 19:28
dws_archive_connect_info,2025/8/26 19:15,2025/8/26 19:27,2025/8/26 19:16,FINISH,657478,2025/8/26 19:27
dws_archive_email_password,2025/8/26 19:16,2025/8/26 19:27,2025/8/26 19:17,FINISH,621510,2025/8/26 19:27
dwd_archive_tool_lis,2025/8/26 19:16,2025/8/26 19:25,2025/8/26 19:17,FINISH,499163,2025/8/26 19:25
dws_archive_im_behavior,2025/8/26 19:17,2025/8/26 19:26,2025/8/26 19:18,FINISH,523304,2025/8/26 19:26
dwd_archive_sms,2025/8/26 19:17,2025/8/26 19:27,2025/8/26 19:18,FINISH,576776,2025/8/26 19:27
dws_element_phone_region_day,2025/8/26 19:17,2025/8/26 19:30,2025/8/26 19:18,FINISH,687657,2025/8/26 19:29
dws_archive_flight_info,2025/8/26 19:18,2025/8/26 19:29,2025/8/26 19:19,FINISH,577069,2025/8/26 19:28
dws_archive_app_block_hour,2025/8/26 19:18,2025/8/26 19:29,2025/8/26 19:19,FINISH,592350,2025/8/26 19:28
dws_archive_call_internet_info,2025/8/26 19:19,2025/8/26 19:40,2025/8/26 19:20,FINISH,1176391,2025/8/26 19:40
ads_archive_im_statistics,2025/8/26 19:20,2025/8/26 19:31,2025/8/26 19:21,FINISH,623450,2025/8/26 19:31
dws_archive_virtual_target,2025/8/26 19:20,2025/8/26 19:33,2025/8/26 19:21,FINISH,653774,2025/8/26 19:32
dws_archive_attach_info,2025/8/26 19:20,2025/8/26 19:34,2025/8/26 19:21,FINISH,770836,2025/8/26 19:34
dws_archive_call_chat_info,2025/8/26 19:21,2025/8/26 19:34,2025/8/26 19:23,FINISH,667024,2025/8/26 19:34
dws_element_domain_region_day,2025/8/26 19:22,2025/8/26 19:33,2025/8/26 19:23,FINISH,638581,2025/8/26 19:33
dws_archive_high_freq_words,2025/8/26 19:22,2025/8/26 19:32,2025/8/26 19:23,FINISH,578385,2025/8/26 19:32
dwd_archive_voip_lis,2025/8/26 19:22,2025/8/26 19:32,2025/8/26 19:23,FINISH,568484,2025/8/26 19:32
dwd_archive_vpn_other_log,2025/8/26 19:23,2025/8/26 19:34,2025/8/26 19:24,FINISH,609774,2025/8/26 19:34
dws_t_app_info,2025/8/26 19:23,2025/8/26 19:35,2025/8/26 19:24,FINISH,681314,2025/8/26 19:35
ads_stats_behavior_h,2025/8/26 19:23,2025/8/26 19:35,2025/8/26 19:24,FINISH,644750,2025/8/26 19:35
dws_er_user_ip,2025/8/26 19:23,2025/8/26 19:36,2025/8/26 19:25,FINISH,692953,2025/8/26 19:36
dws_archive_app_theme_info,2025/8/26 19:24,2025/8/26 19:44,2025/8/26 19:25,FINISH,1134200,2025/8/26 19:44
dwd_archive_email_lis,2025/8/26 19:25,2025/8/26 19:35,2025/8/26 19:26,FINISH,524686,2025/8/26 19:34
dws_t_app_visit_h_top,2025/8/26 19:25,2025/8/26 19:35,2025/8/26 19:27,FINISH,503151,2025/8/26 19:35
dwd_archive_im_lis,2025/8/26 19:26,2025/8/26 19:35,2025/8/26 19:27,FINISH,506379,2025/8/26 19:35
dws_archive_vpn_info_hour,2025/8/26 19:26,2025/8/26 19:38,2025/8/26 19:27,FINISH,654235,2025/8/26 19:38
dwd_archive_vpn_lis,2025/8/26 19:27,2025/8/26 19:38,2025/8/26 19:28,FINISH,614816,2025/8/26 19:38
dws_e_user_group_info,2025/8/26 19:27,2025/8/26 19:39,2025/8/26 19:28,FINISH,672074,2025/8/26 19:39
dws_element_app_region_day,2025/8/26 19:27,2025/8/26 19:42,2025/8/26 19:28,FINISH,858212,2025/8/26 19:42
dws_archive_connection_day,2025/8/26 19:28,2025/8/26 19:38,2025/8/26 19:29,FINISH,487729,2025/8/26 19:37
dws_archive_web_theme_info,2025/8/26 19:28,2025/8/26 19:39,2025/8/26 19:29,FINISH,601760,2025/8/26 19:39
dwd_archive_vpn_url,2025/8/26 19:29,2025/8/26 19:38,2025/8/26 19:30,FINISH,495416,2025/8/26 19:38
ads_stats_blocking_h,2025/8/26 19:29,2025/8/26 19:39,2025/8/26 19:30,FINISH,577423,2025/8/26 19:39
dws_t_protocol_stats_h,2025/8/26 19:29,2025/8/26 19:46,2025/8/26 19:30,FINISH,879990,2025/8/26 19:45
dws_archive_radius_vir_hour,2025/8/26 19:29,2025/8/26 19:38,2025/8/26 19:30,FINISH,485803,2025/8/26 19:38
dws_archive_block_daily,2025/8/26 19:31,2025/8/26 19:40,2025/8/26 19:32,FINISH,484920,2025/8/26 19:40
dws_archive_nf_info_hour,2025/8/26 19:31,2025/8/26 19:43,2025/8/26 19:32,FINISH,667817,2025/8/26 19:43
dws_archive_radius_app_hour,2025/8/26 19:31,2025/8/26 19:42,2025/8/26 19:32,FINISH,567407,2025/8/26 19:42
ads_archive_radius_statistics,2025/8/26 19:34,2025/8/26 19:43,2025/8/26 19:35,FINISH,514139,2025/8/26 19:43
ads_archive_email_statistics,2025/8/26 19:35,2025/8/26 19:46,2025/8/26 19:36,FINISH,544835,2025/8/26 19:45
dws_archive_call_behavior_day,2025/8/26 19:35,2025/8/26 19:43,2025/8/26 19:36,FINISH,418165,2025/8/26 19:43
dws_archive_attach_day,2025/8/26 19:35,2025/8/26 19:44,2025/8/26 19:36,FINISH,471859,2025/8/26 19:44
ads_stats_behavior_h_top,2025/8/26 19:36,2025/8/26 19:43,2025/8/26 19:37,FINISH,378076,2025/8/26 19:43
dws_archive_radius_be_hour,2025/8/26 19:36,2025/8/26 19:43,2025/8/26 19:37,FINISH,385522,2025/8/26 19:43
ads_archive_web_imp_target,2025/8/26 19:40,2025/8/26 19:46,2025/8/26 19:40,FINISH,328962,2025/8/26 19:46
dws_archive_call_app_hour,2025/8/26 19:40,2025/8/26 19:49,2025/8/26 19:41,FINISH,474736,2025/8/26 19:49
ads_archive_web_statistics,2025/8/26 19:41,2025/8/26 19:48,2025/8/26 19:42,FINISH,330565,2025/8/26 19:48
dws_archive_call_behavior_hour,2025/8/26 19:42,2025/8/26 19:50,2025/8/26 19:43,FINISH,422179,2025/8/26 19:50
ads_archive_web_ip_daily,2025/8/26 19:43,2025/8/26 19:51,2025/8/26 19:44,FINISH,412412,2025/8/26 19:51
dws_archive_call_virtual_hour,2025/8/26 19:44,2025/8/26 19:50,2025/8/26 19:45,FINISH,312867,2025/8/26 19:50
dws_archive_web_behavior_hour,2025/8/26 19:44,2025/8/26 19:50,2025/8/26 19:45,FINISH,306703,2025/8/26 19:50
dws_archive_app_behavior_hour,2025/8/26 19:45,2025/8/26 19:51,2025/8/26 19:45,FINISH,319560,2025/8/26 19:51
ads_archive_call_statistics,2025/8/26 19:45,2025/8/26 19:55,2025/8/26 19:46,FINISH,481761,2025/8/26 19:54
ads_archive_web_behavior_daily,2025/8/26 19:46,2025/8/26 19:53,2025/8/26 19:47,FINISH,400779,2025/8/26 19:53
ads_stats_detail_h,2025/8/26 19:46,2025/8/26 19:52,2025/8/26 19:47,FINISH,307100,2025/8/26 19:52
ads_archive_app_behavior_daily,2025/8/26 19:46,2025/8/26 19:56,2025/8/26 19:47,FINISH,572828,2025/8/26 19:56
ads_archive_app_imp_target,2025/8/26 19:48,2025/8/26 19:53,2025/8/26 19:48,FINISH,254875,2025/8/26 19:52
ads_archive_app_ip_daily,2025/8/26 19:49,2025/8/26 19:55,2025/8/26 19:50,FINISH,300230,2025/8/26 19:55
ads_archive_app_statistics,2025/8/26 19:50,2025/8/26 19:58,2025/8/26 19:51,FINISH,389717,2025/8/26 19:58
dws_element_virtual_stat,2025/8/26 20:02,2025/8/26 20:07,2025/8/26 20:02,FINISH,273262,2025/8/26 20:07
dwd_archive_fax,2025/8/26 20:06,2025/8/26 20:11,2025/8/26 20:06,FINISH,251803,2025/8/26 20:10
dws_archive_bank_info,2025/8/26 20:06,2025/8/26 20:10,2025/8/26 20:06,FINISH,239917,2025/8/26 20:10
dwd_archive_others_lis,2025/8/26 20:06,2025/8/26 20:16,2025/8/26 20:07,FINISH,545313,2025/8/26 20:16
dws_element_virtual_region_d,2025/8/26 20:07,2025/8/26 20:17,2025/8/26 20:07,FINISH,580745,2025/8/26 20:17
dws_e_mobile_radius_info,2025/8/26 20:08,2025/8/26 20:16,2025/8/26 20:08,FINISH,402369,2025/8/26 20:15
dws_e_fixed_radius_info,2025/8/26 20:09,2025/8/26 20:16,2025/8/26 20:09,FINISH,382641,2025/8/26 20:16
dws_t_app_visit_h,2025/8/26 20:10,2025/8/26 20:20,2025/8/26 20:10,FINISH,584872,2025/8/26 20:20
dws_e_fixed_ip_info,2025/8/26 20:10,2025/8/26 20:21,2025/8/26 20:11,FINISH,579627,2025/8/26 20:20
dwd_archive_remote_lis,2025/8/26 20:11,2025/8/26 20:19,2025/8/26 20:11,FINISH,435213,2025/8/26 20:18
dwd_archive_http_lis,2025/8/26 20:11,2025/8/26 20:22,2025/8/26 20:11,FINISH,653160,2025/8/26 20:22
dwd_archive_nf_other_log,2025/8/26 20:11,2025/8/26 20:34,2025/8/26 20:11,FINISH,1379211,2025/8/26 20:34
dws_e_custom_user_info,2025/8/26 20:11,2025/8/26 20:26,2025/8/26 20:12,FINISH,800748,2025/8/26 20:26
dwd_archive_call,2025/8/26 20:12,2025/8/26 20:21,2025/8/26 20:12,FINISH,510056,2025/8/26 20:21
dws_archive_email_phone_extrat,2025/8/26 20:12,2025/8/26 20:21,2025/8/26 20:12,FINISH,483654,2025/8/26 20:20
dws_archive_email_behavior,2025/8/26 20:12,2025/8/26 20:27,2025/8/26 20:13,FINISH,845328,2025/8/26 20:27
dws_element_nf_protocol_info_h,2025/8/26 20:12,2025/8/26 20:24,2025/8/26 20:13,FINISH,699670,2025/8/26 20:24
dwd_archive_ftp_lis,2025/8/26 20:13,2025/8/26 20:22,2025/8/26 20:13,FINISH,483105,2025/8/26 20:22
dws_archive_email_nickname,2025/8/26 20:13,2025/8/26 20:24,2025/8/26 20:14,FINISH,647923,2025/8/26 20:24
dwd_archive_nf_url,2025/8/26 20:13,2025/8/26 20:27,2025/8/26 20:14,FINISH,800122,2025/8/26 20:27
dws_t_app_blocking_h,2025/8/26 20:13,2025/8/26 20:28,2025/8/26 20:14,FINISH,823465,2025/8/26 20:28
dws_archive_block_theme,2025/8/26 20:14,2025/8/26 20:26,2025/8/26 20:15,FINISH,660245,2025/8/26 20:26
dws_archive_radius_theme_info,2025/8/26 20:14,2025/8/26 20:32,2025/8/26 20:15,FINISH,986437,2025/8/26 20:32
dws_element_radius_auth_record,2025/8/26 20:15,2025/8/26 20:32,2025/8/26 20:16,FINISH,929657,2025/8/26 20:31
dws_archive_lis_info_hour,2025/8/26 20:15,2025/8/26 20:28,2025/8/26 20:16,FINISH,724341,2025/8/26 20:28
dws_archive_connect_info,2025/8/26 20:15,2025/8/26 20:27,2025/8/26 20:16,FINISH,655928,2025/8/26 20:27
dwd_archive_tool_lis,2025/8/26 20:16,2025/8/26 20:25,2025/8/26 20:17,FINISH,498759,2025/8/26 20:25
dws_archive_email_password,2025/8/26 20:16,2025/8/26 20:25,2025/8/26 20:17,FINISH,518758,2025/8/26 20:25
dwd_archive_sms,2025/8/26 20:17,2025/8/26 20:26,2025/8/26 20:18,FINISH,513792,2025/8/26 20:26
dws_archive_im_behavior,2025/8/26 20:17,2025/8/26 20:26,2025/8/26 20:18,FINISH,515983,2025/8/26 20:26
dws_element_phone_region_day,2025/8/26 20:17,2025/8/26 20:29,2025/8/26 20:18,FINISH,683666,2025/8/26 20:29
dws_archive_app_block_hour,2025/8/26 20:18,2025/8/26 20:27,2025/8/26 20:19,FINISH,504170,2025/8/26 20:27
dws_archive_flight_info,2025/8/26 20:18,2025/8/26 20:28,2025/8/26 20:19,FINISH,521626,2025/8/26 20:27
dws_archive_call_internet_info,2025/8/26 20:19,2025/8/26 20:37,2025/8/26 20:20,FINISH,987870,2025/8/26 20:37
ads_archive_im_statistics,2025/8/26 20:20,2025/8/26 20:31,2025/8/26 20:21,FINISH,639831,2025/8/26 20:31
dws_archive_virtual_target,2025/8/26 20:20,2025/8/26 20:33,2025/8/26 20:21,FINISH,636879,2025/8/26 20:31
dws_archive_attach_info,2025/8/26 20:20,2025/8/26 20:36,2025/8/26 20:21,FINISH,856096,2025/8/26 20:35
ads_stats_behavior_h,2025/8/26 20:21,2025/8/26 20:33,2025/8/26 20:22,FINISH,655379,2025/8/26 20:33
dws_archive_call_chat_info,2025/8/26 20:21,2025/8/26 20:34,2025/8/26 20:23,FINISH,637747,2025/8/26 20:33
dws_archive_high_freq_words,2025/8/26 20:22,2025/8/26 20:32,2025/8/26 20:23,FINISH,528541,2025/8/26 20:32
dws_element_domain_region_day,2025/8/26 20:22,2025/8/26 20:33,2025/8/26 20:23,FINISH,622718,2025/8/26 20:33
dwd_archive_voip_lis,2025/8/26 20:22,2025/8/26 20:32,2025/8/26 20:23,FINISH,570592,2025/8/26 20:32
dwd_archive_vpn_other_log,2025/8/26 20:23,2025/8/26 20:32,2025/8/26 20:24,FINISH,510692,2025/8/26 20:32
dws_t_app_info,2025/8/26 20:23,2025/8/26 20:35,2025/8/26 20:24,FINISH,634095,2025/8/26 20:34
dws_t_app_visit_h_top,2025/8/26 20:23,2025/8/26 20:33,2025/8/26 20:24,FINISH,502236,2025/8/26 20:33
dws_archive_app_theme_info,2025/8/26 20:24,2025/8/26 20:40,2025/8/26 20:25,FINISH,906574,2025/8/26 20:40
dwd_archive_email_lis,2025/8/26 20:25,2025/8/26 20:34,2025/8/26 20:26,FINISH,496786,2025/8/26 20:34
dwd_archive_im_lis,2025/8/26 20:26,2025/8/26 20:35,2025/8/26 20:27,FINISH,490239,2025/8/26 20:35
dws_archive_vpn_info_hour,2025/8/26 20:26,2025/8/26 20:37,2025/8/26 20:27,FINISH,619138,2025/8/26 20:37
dws_er_user_ip,2025/8/26 20:26,2025/8/26 20:41,2025/8/26 20:28,FINISH,802433,2025/8/26 20:41
dwd_archive_vpn_lis,2025/8/26 20:27,2025/8/26 20:36,2025/8/26 20:28,FINISH,517378,2025/8/26 20:36
dws_element_app_region_day,2025/8/26 20:27,2025/8/26 20:41,2025/8/26 20:28,FINISH,780945,2025/8/26 20:41
dws_e_user_group_info,2025/8/26 20:27,2025/8/26 20:39,2025/8/26 20:28,FINISH,670816,2025/8/26 20:39
dws_archive_connection_day,2025/8/26 20:28,2025/8/26 20:37,2025/8/26 20:29,FINISH,479459,2025/8/26 20:37
dws_archive_web_theme_info,2025/8/26 20:28,2025/8/26 20:39,2025/8/26 20:29,FINISH,598404,2025/8/26 20:39
dwd_archive_vpn_url,2025/8/26 20:29,2025/8/26 20:38,2025/8/26 20:30,FINISH,491691,2025/8/26 20:38
ads_stats_blocking_h,2025/8/26 20:29,2025/8/26 20:38,2025/8/26 20:30,FINISH,475046,2025/8/26 20:38
dws_t_protocol_stats_h,2025/8/26 20:29,2025/8/26 20:49,2025/8/26 20:30,FINISH,1050095,2025/8/26 20:48
dws_archive_block_daily,2025/8/26 20:31,2025/8/26 20:40,2025/8/26 20:32,FINISH,482598,2025/8/26 20:40
dws_archive_nf_info_hour,2025/8/26 20:31,2025/8/26 20:42,2025/8/26 20:32,FINISH,583499,2025/8/26 20:41
dws_archive_radius_vir_hour,2025/8/26 20:32,2025/8/26 20:41,2025/8/26 20:34,FINISH,450059,2025/8/26 20:41
ads_stats_behavior_h_top,2025/8/26 20:33,2025/8/26 20:42,2025/8/26 20:34,FINISH,436504,2025/8/26 20:42
dws_archive_call_behavior_day,2025/8/26 20:34,2025/8/26 20:43,2025/8/26 20:35,FINISH,439274,2025/8/26 20:43
dws_archive_radius_app_hour,2025/8/26 20:35,2025/8/26 20:45,2025/8/26 20:36,FINISH,562345,2025/8/26 20:45
ads_archive_email_statistics,2025/8/26 20:35,2025/8/26 20:49,2025/8/26 20:36,FINISH,748600,2025/8/26 20:48
dws_archive_attach_day,2025/8/26 20:36,2025/8/26 20:44,2025/8/26 20:37,FINISH,408815,2025/8/26 20:44
ads_archive_radius_statistics,2025/8/26 20:37,2025/8/26 20:47,2025/8/26 20:38,FINISH,521417,2025/8/26 20:46
dws_archive_call_app_hour,2025/8/26 20:37,2025/8/26 20:48,2025/8/26 20:38,FINISH,548671,2025/8/26 20:48
dws_archive_radius_be_hour,2025/8/26 20:39,2025/8/26 20:47,2025/8/26 20:40,FINISH,438070,2025/8/26 20:47
dws_archive_call_behavior_hour,2025/8/26 20:39,2025/8/26 20:51,2025/8/26 20:40,FINISH,637597,2025/8/26 20:51
ads_archive_web_imp_target,2025/8/26 20:40,2025/8/26 20:47,2025/8/26 20:41,FINISH,397628,2025/8/26 20:47
dws_archive_app_behavior_hour,2025/8/26 20:41,2025/8/26 20:48,2025/8/26 20:42,FINISH,390881,2025/8/26 20:48
dws_archive_call_virtual_hour,2025/8/26 20:41,2025/8/26 20:49,2025/8/26 20:42,FINISH,407408,2025/8/26 20:49
ads_archive_web_statistics,2025/8/26 20:42,2025/8/26 20:49,2025/8/26 20:42,FINISH,386144,2025/8/26 20:49
ads_archive_app_behavior_daily,2025/8/26 20:43,2025/8/26 20:53,2025/8/26 20:43,FINISH,600688,2025/8/26 20:53
ads_archive_call_statistics,2025/8/26 20:43,2025/8/26 20:53,2025/8/26 20:44,FINISH,495300,2025/8/26 20:53
ads_archive_web_ip_daily,2025/8/26 20:43,2025/8/26 20:51,2025/8/26 20:44,FINISH,418502,2025/8/26 20:51
ads_archive_app_imp_target,2025/8/26 20:44,2025/8/26 20:51,2025/8/26 20:45,FINISH,350856,2025/8/26 20:51
dws_archive_web_behavior_hour,2025/8/26 20:45,2025/8/26 20:51,2025/8/26 20:46,FINISH,312330,2025/8/26 20:51
ads_archive_app_ip_daily,2025/8/26 20:46,2025/8/26 20:53,2025/8/26 20:47,FINISH,325933,2025/8/26 20:53
ads_archive_web_behavior_daily,2025/8/26 20:47,2025/8/26 20:55,2025/8/26 20:48,FINISH,381686,2025/8/26 20:54
ads_archive_app_statistics,2025/8/26 20:48,2025/8/26 20:55,2025/8/26 20:49,FINISH,351275,2025/8/26 20:55
ads_stats_detail_h,2025/8/26 20:49,2025/8/26 20:54,2025/8/26 20:50,FINISH,234659,2025/8/26 20:54
dws_element_virtual_stat,2025/8/26 21:02,2025/8/26 21:06,2025/8/26 21:02,FINISH,247123,2025/8/26 21:06
dws_archive_bank_info,2025/8/26 21:06,2025/8/26 21:10,2025/8/26 21:06,FINISH,228499,2025/8/26 21:10
dwd_archive_fax,2025/8/26 21:06,2025/8/26 21:10,2025/8/26 21:06,FINISH,195114,2025/8/26 21:09
dwd_archive_others_lis,2025/8/26 21:06,2025/8/26 21:16,2025/8/26 21:07,FINISH,574491,2025/8/26 21:16
dws_element_virtual_region_d,2025/8/26 21:07,2025/8/26 21:16,2025/8/26 21:07,FINISH,534773,2025/8/26 21:16
dws_e_mobile_radius_info,2025/8/26 21:08,2025/8/26 21:15,2025/8/26 21:08,FINISH,351524,2025/8/26 21:14
dws_e_fixed_radius_info,2025/8/26 21:09,2025/8/26 21:15,2025/8/26 21:09,FINISH,346487,2025/8/26 21:15
dws_t_app_visit_h,2025/8/26 21:10,2025/8/26 21:20,2025/8/26 21:10,FINISH,569016,2025/8/26 21:20
dws_e_fixed_ip_info,2025/8/26 21:10,2025/8/26 21:21,2025/8/26 21:11,FINISH,586900,2025/8/26 21:20
dwd_archive_remote_lis,2025/8/26 21:11,2025/8/26 21:19,2025/8/26 21:11,FINISH,445402,2025/8/26 21:19
dwd_archive_http_lis,2025/8/26 21:11,2025/8/26 21:23,2025/8/26 21:11,FINISH,696341,2025/8/26 21:23
dwd_archive_nf_other_log,2025/8/26 21:11,2025/8/26 21:31,2025/8/26 21:11,FINISH,1175059,2025/8/26 21:31
dws_e_custom_user_info,2025/8/26 21:11,2025/8/26 21:24,2025/8/26 21:12,FINISH,670821,2025/8/26 21:23
dws_archive_email_phone_extrat,2025/8/26 21:12,2025/8/26 21:21,2025/8/26 21:12,FINISH,496022,2025/8/26 21:21
dwd_archive_call,2025/8/26 21:12,2025/8/26 21:21,2025/8/26 21:12,FINISH,497997,2025/8/26 21:21
dws_element_nf_protocol_info_h,2025/8/26 21:12,2025/8/26 21:23,2025/8/26 21:13,FINISH,650351,2025/8/26 21:23
dws_archive_email_behavior,2025/8/26 21:12,2025/8/26 21:24,2025/8/26 21:13,FINISH,689195,2025/8/26 21:24
dwd_archive_ftp_lis,2025/8/26 21:13,2025/8/26 21:22,2025/8/26 21:13,FINISH,503222,2025/8/26 21:22
dws_archive_email_nickname,2025/8/26 21:13,2025/8/26 21:24,2025/8/26 21:14,FINISH,618817,2025/8/26 21:24
dwd_archive_nf_url,2025/8/26 21:13,2025/8/26 21:27,2025/8/26 21:14,FINISH,796899,2025/8/26 21:27
dws_t_app_blocking_h,2025/8/26 21:13,2025/8/26 21:26,2025/8/26 21:14,FINISH,676818,2025/8/26 21:25
dws_archive_block_theme,2025/8/26 21:14,2025/8/26 21:26,2025/8/26 21:15,FINISH,698144,2025/8/26 21:26
dws_archive_radius_theme_info,2025/8/26 21:14,2025/8/26 21:32,2025/8/26 21:15,FINISH,1021106,2025/8/26 21:32
dws_element_radius_auth_record,2025/8/26 21:15,2025/8/26 21:31,2025/8/26 21:16,FINISH,843599,2025/8/26 21:30
dws_archive_lis_info_hour,2025/8/26 21:15,2025/8/26 21:28,2025/8/26 21:16,FINISH,742617,2025/8/26 21:28
dws_archive_connect_info,2025/8/26 21:15,2025/8/26 21:27,2025/8/26 21:16,FINISH,629934,2025/8/26 21:26
dwd_archive_tool_lis,2025/8/26 21:16,2025/8/26 21:25,2025/8/26 21:17,FINISH,498568,2025/8/26 21:25
dws_archive_email_password,2025/8/26 21:16,2025/8/26 21:25,2025/8/26 21:17,FINISH,519658,2025/8/26 21:25
dwd_archive_sms,2025/8/26 21:17,2025/8/26 21:26,2025/8/26 21:18,FINISH,503818,2025/8/26 21:26
dws_archive_im_behavior,2025/8/26 21:17,2025/8/26 21:26,2025/8/26 21:18,FINISH,503650,2025/8/26 21:26
dws_element_phone_region_day,2025/8/26 21:17,2025/8/26 21:29,2025/8/26 21:18,FINISH,682510,2025/8/26 21:29
dws_archive_app_block_hour,2025/8/26 21:18,2025/8/26 21:28,2025/8/26 21:19,FINISH,573141,2025/8/26 21:28
dws_archive_flight_info,2025/8/26 21:18,2025/8/26 21:28,2025/8/26 21:19,FINISH,502240,2025/8/26 21:27
dws_archive_call_internet_info,2025/8/26 21:19,2025/8/26 21:36,2025/8/26 21:20,FINISH,955947,2025/8/26 21:36
ads_archive_im_statistics,2025/8/26 21:20,2025/8/26 21:31,2025/8/26 21:21,FINISH,637466,2025/8/26 21:31
dws_archive_virtual_target,2025/8/26 21:20,2025/8/26 21:33,2025/8/26 21:21,FINISH,636451,2025/8/26 21:31
dws_archive_attach_info,2025/8/26 21:20,2025/8/26 21:37,2025/8/26 21:21,FINISH,899283,2025/8/26 21:36
ads_stats_behavior_h,2025/8/26 21:21,2025/8/26 21:32,2025/8/26 21:22,FINISH,627748,2025/8/26 21:32
dws_archive_call_chat_info,2025/8/26 21:21,2025/8/26 21:34,2025/8/26 21:23,FINISH,684714,2025/8/26 21:34
dws_archive_high_freq_words,2025/8/26 21:22,2025/8/26 21:31,2025/8/26 21:23,FINISH,500942,2025/8/26 21:31
dws_element_domain_region_day,2025/8/26 21:22,2025/8/26 21:33,2025/8/26 21:23,FINISH,615565,2025/8/26 21:33
dwd_archive_voip_lis,2025/8/26 21:22,2025/8/26 21:32,2025/8/26 21:23,FINISH,569239,2025/8/26 21:32
dwd_archive_vpn_other_log,2025/8/26 21:23,2025/8/26 21:32,2025/8/26 21:24,FINISH,498300,2025/8/26 21:32
dws_t_app_info,2025/8/26 21:23,2025/8/26 21:35,2025/8/26 21:24,FINISH,649772,2025/8/26 21:35
dws_t_app_visit_h_top,2025/8/26 21:23,2025/8/26 21:32,2025/8/26 21:24,FINISH,503337,2025/8/26 21:32
dws_archive_app_theme_info,2025/8/26 21:24,2025/8/26 21:39,2025/8/26 21:25,FINISH,833818,2025/8/26 21:39
dws_er_user_ip,2025/8/26 21:24,2025/8/26 21:39,2025/8/26 21:26,FINISH,813156,2025/8/26 21:39
dwd_archive_email_lis,2025/8/26 21:25,2025/8/26 21:34,2025/8/26 21:26,FINISH,497937,2025/8/26 21:34
dwd_archive_im_lis,2025/8/26 21:26,2025/8/26 21:36,2025/8/26 21:27,FINISH,528459,2025/8/26 21:35
dws_archive_vpn_info_hour,2025/8/26 21:26,2025/8/26 21:37,2025/8/26 21:27,FINISH,616616,2025/8/26 21:37
ads_stats_blocking_h,2025/8/26 21:26,2025/8/26 21:36,2025/8/26 21:27,FINISH,491964,2025/8/26 21:36
dwd_archive_vpn_lis,2025/8/26 21:27,2025/8/26 21:36,2025/8/26 21:28,FINISH,480296,2025/8/26 21:36
dws_element_app_region_day,2025/8/26 21:27,2025/8/26 21:39,2025/8/26 21:28,FINISH,651101,2025/8/26 21:39
dws_e_user_group_info,2025/8/26 21:27,2025/8/26 21:43,2025/8/26 21:28,FINISH,914542,2025/8/26 21:43
dws_archive_connection_day,2025/8/26 21:27,2025/8/26 21:38,2025/8/26 21:28,FINISH,528005,2025/8/26 21:37
dws_archive_web_theme_info,2025/8/26 21:28,2025/8/26 21:41,2025/8/26 21:29,FINISH,676820,2025/8/26 21:40
dwd_archive_vpn_url,2025/8/26 21:29,2025/8/26 21:39,2025/8/26 21:30,FINISH,499523,2025/8/26 21:38
dws_t_protocol_stats_h,2025/8/26 21:29,2025/8/26 21:48,2025/8/26 21:30,FINISH,998060,2025/8/26 21:47
dws_archive_block_daily,2025/8/26 21:31,2025/8/26 21:40,2025/8/26 21:32,FINISH,478579,2025/8/26 21:40
dws_archive_nf_info_hour,2025/8/26 21:31,2025/8/26 21:42,2025/8/26 21:32,FINISH,599048,2025/8/26 21:42
dws_archive_radius_vir_hour,2025/8/26 21:33,2025/8/26 21:42,2025/8/26 21:34,FINISH,468180,2025/8/26 21:42
ads_stats_behavior_h_top,2025/8/26 21:33,2025/8/26 21:42,2025/8/26 21:34,FINISH,502782,2025/8/26 21:42
ads_archive_email_statistics,2025/8/26 21:35,2025/8/26 21:50,2025/8/26 21:36,FINISH,808720,2025/8/26 21:49
dws_archive_radius_app_hour,2025/8/26 21:35,2025/8/26 21:45,2025/8/26 21:36,FINISH,531001,2025/8/26 21:45
dws_archive_call_behavior_day,2025/8/26 21:35,2025/8/26 21:44,2025/8/26 21:36,FINISH,447554,2025/8/26 21:44
dwd_archive_nf_other_log_day,2025/8/26 21:37,2025/8/26 22:39,2025/8/26 21:38,FINISH,3636746,2025/8/26 22:38
ads_archive_radius_statistics,2025/8/26 21:37,2025/8/26 21:47,2025/8/26 21:38,FINISH,541124,2025/8/26 21:47
dws_archive_attach_day,2025/8/26 21:37,2025/8/26 21:46,2025/8/26 21:38,FINISH,442693,2025/8/26 21:45
dws_archive_call_app_hour,2025/8/26 21:37,2025/8/26 21:47,2025/8/26 21:38,FINISH,511460,2025/8/26 21:47
dws_archive_radius_be_hour,2025/8/26 21:39,2025/8/26 21:47,2025/8/26 21:40,FINISH,451291,2025/8/26 21:47
dws_archive_call_behavior_hour,2025/8/26 21:39,2025/8/26 21:50,2025/8/26 21:40,FINISH,579907,2025/8/26 21:50
dws_archive_app_behavior_hour,2025/8/26 21:40,2025/8/26 21:48,2025/8/26 21:41,FINISH,426956,2025/8/26 21:48
ads_archive_web_imp_target,2025/8/26 21:41,2025/8/26 21:50,2025/8/26 21:42,FINISH,449338,2025/8/26 21:50
dws_archive_call_virtual_hour,2025/8/26 21:41,2025/8/26 21:49,2025/8/26 21:42,FINISH,403801,2025/8/26 21:49
ads_archive_app_behavior_daily,2025/8/26 21:41,2025/8/26 21:55,2025/8/26 21:42,FINISH,737052,2025/8/26 21:55
ads_archive_web_statistics,2025/8/26 21:43,2025/8/26 21:51,2025/8/26 21:44,FINISH,397303,2025/8/26 21:51
ads_archive_call_statistics,2025/8/26 21:43,2025/8/26 21:55,2025/8/26 21:45,FINISH,607527,2025/8/26 21:55
ads_archive_app_imp_target,2025/8/26 21:43,2025/8/26 21:51,2025/8/26 21:44,FINISH,394124,2025/8/26 21:51
ads_archive_web_ip_daily,2025/8/26 21:45,2025/8/26 21:53,2025/8/26 21:46,FINISH,412527,2025/8/26 21:53
ads_archive_app_ip_daily,2025/8/26 21:45,2025/8/26 21:53,2025/8/26 21:46,FINISH,371997,2025/8/26 21:53
dws_archive_web_behavior_hour,2025/8/26 21:47,2025/8/26 21:53,2025/8/26 21:48,FINISH,303734,2025/8/26 21:53
ads_archive_app_statistics,2025/8/26 21:47,2025/8/26 21:55,2025/8/26 21:48,FINISH,364553,2025/8/26 21:54
ads_stats_detail_h,2025/8/26 21:48,2025/8/26 21:54,2025/8/26 21:49,FINISH,284225,2025/8/26 21:54
ads_archive_web_behavior_daily,2025/8/26 21:48,2025/8/26 21:56,2025/8/26 21:49,FINISH,374610,2025/8/26 21:56
dws_element_virtual_stat,2025/8/26 22:02,2025/8/26 22:07,2025/8/26 22:02,FINISH,283625,2025/8/26 22:07
dws_archive_bank_info,2025/8/26 22:06,2025/8/26 22:10,2025/8/26 22:06,FINISH,251801,2025/8/26 22:10
dwd_archive_fax,2025/8/26 22:06,2025/8/26 22:10,2025/8/26 22:06,FINISH,214099,2025/8/26 22:10
dwd_archive_others_lis,2025/8/26 22:06,2025/8/26 22:18,2025/8/26 22:07,FINISH,664256,2025/8/26 22:18
dws_element_virtual_region_d,2025/8/26 22:07,2025/8/26 22:14,2025/8/26 22:07,FINISH,411090,2025/8/26 22:14
dws_e_mobile_radius_info,2025/8/26 22:08,2025/8/26 22:16,2025/8/26 22:08,FINISH,393419,2025/8/26 22:15
dws_e_fixed_radius_info,2025/8/26 22:09,2025/8/26 22:15,2025/8/26 22:09,FINISH,354371,2025/8/26 22:15
dws_t_app_visit_h,2025/8/26 22:10,2025/8/26 22:20,2025/8/26 22:10,FINISH,569004,2025/8/26 22:20
dws_e_fixed_ip_info,2025/8/26 22:10,2025/8/26 22:24,2025/8/26 22:11,FINISH,749612,2025/8/26 22:23
dwd_archive_remote_lis,2025/8/26 22:11,2025/8/26 22:19,2025/8/26 22:11,FINISH,464095,2025/8/26 22:19
dwd_archive_http_lis,2025/8/26 22:11,2025/8/26 22:25,2025/8/26 22:11,FINISH,786670,2025/8/26 22:24
dwd_archive_nf_other_log,2025/8/26 22:11,2025/8/26 22:33,2025/8/26 22:11,FINISH,1295068,2025/8/26 22:33
dws_e_custom_user_info,2025/8/26 22:11,2025/8/26 22:23,2025/8/26 22:12,FINISH,655737,2025/8/26 22:23
dws_archive_email_phone_extrat,2025/8/26 22:12,2025/8/26 22:21,2025/8/26 22:12,FINISH,502261,2025/8/26 22:21
dwd_archive_call,2025/8/26 22:12,2025/8/26 22:20,2025/8/26 22:12,FINISH,473599,2025/8/26 22:20
dws_element_nf_protocol_info_h,2025/8/26 22:12,2025/8/26 22:27,2025/8/26 22:13,FINISH,854110,2025/8/26 22:27
dws_archive_email_behavior,2025/8/26 22:12,2025/8/26 22:24,2025/8/26 22:13,FINISH,694348,2025/8/26 22:24
dwd_archive_ftp_lis,2025/8/26 22:13,2025/8/26 22:22,2025/8/26 22:14,FINISH,519198,2025/8/26 22:22
dws_archive_email_nickname,2025/8/26 22:13,2025/8/26 22:25,2025/8/26 22:14,FINISH,655958,2025/8/26 22:25
dwd_archive_nf_url,2025/8/26 22:13,2025/8/26 22:28,2025/8/26 22:14,FINISH,843768,2025/8/26 22:28
dws_t_app_blocking_h,2025/8/26 22:13,2025/8/26 22:29,2025/8/26 22:14,FINISH,884019,2025/8/26 22:29
dws_archive_block_theme,2025/8/26 22:14,2025/8/26 22:26,2025/8/26 22:15,FINISH,660829,2025/8/26 22:26
dws_archive_radius_theme_info,2025/8/26 22:14,2025/8/26 22:32,2025/8/26 22:15,FINISH,1022326,2025/8/26 22:32
dws_element_radius_auth_record,2025/8/26 22:15,2025/8/26 22:28,2025/8/26 22:16,FINISH,691217,2025/8/26 22:27
dws_archive_lis_info_hour,2025/8/26 22:15,2025/8/26 22:31,2025/8/26 22:16,FINISH,884143,2025/8/26 22:31
dws_archive_connect_info,2025/8/26 22:15,2025/8/26 22:27,2025/8/26 22:16,FINISH,657223,2025/8/26 22:27
dws_archive_email_password,2025/8/26 22:16,2025/8/26 22:25,2025/8/26 22:17,FINISH,507641,2025/8/26 22:25
dwd_archive_tool_lis,2025/8/26 22:16,2025/8/26 22:27,2025/8/26 22:17,FINISH,593544,2025/8/26 22:27
dws_archive_im_behavior,2025/8/26 22:17,2025/8/26 22:28,2025/8/26 22:18,FINISH,617845,2025/8/26 22:28
dwd_archive_sms,2025/8/26 22:17,2025/8/26 22:26,2025/8/26 22:18,FINISH,520065,2025/8/26 22:26
dws_element_phone_region_day,2025/8/26 22:17,2025/8/26 22:29,2025/8/26 22:18,FINISH,682642,2025/8/26 22:29
dws_archive_flight_info,2025/8/26 22:18,2025/8/26 22:28,2025/8/26 22:19,FINISH,534996,2025/8/26 22:28
dws_archive_app_block_hour,2025/8/26 22:18,2025/8/26 22:27,2025/8/26 22:19,FINISH,516267,2025/8/26 22:27
dws_archive_call_internet_info,2025/8/26 22:19,2025/8/26 22:39,2025/8/26 22:20,FINISH,1133537,2025/8/26 22:39
ads_archive_im_statistics,2025/8/26 22:20,2025/8/26 22:32,2025/8/26 22:21,FINISH,648465,2025/8/26 22:32
dws_archive_virtual_target,2025/8/26 22:20,2025/8/26 22:36,2025/8/26 22:21,FINISH,819595,2025/8/26 22:34
dws_archive_attach_info,2025/8/26 22:20,2025/8/26 22:34,2025/8/26 22:21,FINISH,750537,2025/8/26 22:34
ads_stats_behavior_h,2025/8/26 22:21,2025/8/26 22:35,2025/8/26 22:22,FINISH,818275,2025/8/26 22:35
dws_archive_call_chat_info,2025/8/26 22:21,2025/8/26 22:34,2025/8/26 22:23,FINISH,645451,2025/8/26 22:33
dwd_archive_voip_lis,2025/8/26 22:22,2025/8/26 22:33,2025/8/26 22:23,FINISH,587836,2025/8/26 22:33
dws_archive_high_freq_words,2025/8/26 22:22,2025/8/26 22:34,2025/8/26 22:23,FINISH,669310,2025/8/26 22:34
dws_element_domain_region_day,2025/8/26 22:22,2025/8/26 22:33,2025/8/26 22:23,FINISH,629235,2025/8/26 22:33
dwd_archive_vpn_other_log,2025/8/26 22:23,2025/8/26 22:34,2025/8/26 22:24,FINISH,602159,2025/8/26 22:34
dws_t_app_info,2025/8/26 22:23,2025/8/26 22:35,2025/8/26 22:24,FINISH,662862,2025/8/26 22:35
dws_t_app_visit_h_top,2025/8/26 22:23,2025/8/26 22:34,2025/8/26 22:24,FINISH,610718,2025/8/26 22:34
dws_archive_app_theme_info,2025/8/26 22:24,2025/8/26 22:39,2025/8/26 22:25,FINISH,804757,2025/8/26 22:39
dwd_archive_email_lis,2025/8/26 22:25,2025/8/26 22:36,2025/8/26 22:26,FINISH,609315,2025/8/26 22:36
dws_er_user_ip,2025/8/26 22:25,2025/8/26 22:37,2025/8/26 22:26,FINISH,672835,2025/8/26 22:37
dwd_archive_im_lis,2025/8/26 22:26,2025/8/26 22:35,2025/8/26 22:27,FINISH,496932,2025/8/26 22:35
dws_archive_vpn_info_hour,2025/8/26 22:26,2025/8/26 22:38,2025/8/26 22:27,FINISH,628373,2025/8/26 22:37
dwd_archive_vpn_lis,2025/8/26 22:27,2025/8/26 22:36,2025/8/26 22:28,FINISH,493709,2025/8/26 22:36
dws_element_app_region_day,2025/8/26 22:27,2025/8/26 22:39,2025/8/26 22:28,FINISH,666807,2025/8/26 22:39
dws_e_user_group_info,2025/8/26 22:27,2025/8/26 22:41,2025/8/26 22:28,FINISH,793339,2025/8/26 22:41
dws_archive_connection_day,2025/8/26 22:28,2025/8/26 22:38,2025/8/26 22:29,FINISH,488074,2025/8/26 22:37
dws_archive_web_theme_info,2025/8/26 22:28,2025/8/26 22:39,2025/8/26 22:29,FINISH,601719,2025/8/26 22:39
dwd_archive_vpn_url,2025/8/26 22:29,2025/8/26 22:38,2025/8/26 22:30,FINISH,475251,2025/8/26 22:38
dws_t_protocol_stats_h,2025/8/26 22:29,2025/8/26 22:48,2025/8/26 22:30,FINISH,998394,2025/8/26 22:47
ads_stats_blocking_h,2025/8/26 22:30,2025/8/26 22:39,2025/8/26 22:31,FINISH,498661,2025/8/26 22:39
dws_archive_block_daily,2025/8/26 22:31,2025/8/26 22:41,2025/8/26 22:32,FINISH,508143,2025/8/26 22:40
dws_archive_nf_info_hour,2025/8/26 22:31,2025/8/26 22:41,2025/8/26 22:32,FINISH,572639,2025/8/26 22:41
dws_archive_radius_vir_hour,2025/8/26 22:33,2025/8/26 22:41,2025/8/26 22:34,FINISH,446498,2025/8/26 22:41
dws_archive_call_behavior_day,2025/8/26 22:34,2025/8/26 22:43,2025/8/26 22:36,FINISH,421300,2025/8/26 22:43
ads_archive_email_statistics,2025/8/26 22:35,2025/8/26 22:47,2025/8/26 22:36,FINISH,609241,2025/8/26 22:46
dws_archive_attach_day,2025/8/26 22:35,2025/8/26 22:43,2025/8/26 22:36,FINISH,420634,2025/8/26 22:43
ads_stats_behavior_h_top,2025/8/26 22:35,2025/8/26 22:43,2025/8/26 22:36,FINISH,411151,2025/8/26 22:43
dws_archive_radius_app_hour,2025/8/26 22:35,2025/8/26 22:45,2025/8/26 22:36,FINISH,523038,2025/8/26 22:45
ads_archive_radius_statistics,2025/8/26 22:37,2025/8/26 22:47,2025/8/26 22:38,FINISH,503080,2025/8/26 22:47
dws_archive_app_behavior_hour,2025/8/26 22:39,2025/8/26 22:47,2025/8/26 22:40,FINISH,393411,2025/8/26 22:47
dws_archive_radius_be_hour,2025/8/26 22:39,2025/8/26 22:47,2025/8/26 22:40,FINISH,400717,2025/8/26 22:47
ads_archive_web_imp_target,2025/8/26 22:40,2025/8/26 22:48,2025/8/26 22:41,FINISH,422073,2025/8/26 22:48
dws_archive_call_app_hour,2025/8/26 22:40,2025/8/26 22:49,2025/8/26 22:41,FINISH,482226,2025/8/26 22:49
ads_archive_app_behavior_daily,2025/8/26 22:41,2025/8/26 22:52,2025/8/26 22:42,FINISH,590713,2025/8/26 22:52
dws_archive_call_behavior_hour,2025/8/26 22:41,2025/8/26 22:52,2025/8/26 22:42,FINISH,595454,2025/8/26 22:52
ads_archive_web_statistics,2025/8/26 22:41,2025/8/26 22:49,2025/8/26 22:42,FINISH,391745,2025/8/26 22:49
ads_archive_app_imp_target,2025/8/26 22:43,2025/8/26 22:50,2025/8/26 22:44,FINISH,383679,2025/8/26 22:50
ads_archive_web_ip_daily,2025/8/26 22:43,2025/8/26 22:51,2025/8/26 22:44,FINISH,423176,2025/8/26 22:51
dws_archive_call_virtual_hour,2025/8/26 22:43,2025/8/26 22:50,2025/8/26 22:44,FINISH,364632,2025/8/26 22:50
ads_archive_app_ip_daily,2025/8/26 22:44,2025/8/26 22:52,2025/8/26 22:45,FINISH,377238,2025/8/26 22:52
ads_archive_call_statistics,2025/8/26 22:45,2025/8/26 22:55,2025/8/26 22:47,FINISH,476919,2025/8/26 22:54
dws_archive_web_behavior_hour,2025/8/26 22:45,2025/8/26 22:52,2025/8/26 22:46,FINISH,333374,2025/8/26 22:52
ads_archive_app_statistics,2025/8/26 22:46,2025/8/26 22:53,2025/8/26 22:47,FINISH,343617,2025/8/26 22:53
ads_archive_web_behavior_daily,2025/8/26 22:47,2025/8/26 22:55,2025/8/26 22:48,FINISH,379818,2025/8/26 22:54
ads_stats_detail_h,2025/8/26 22:48,2025/8/26 22:53,2025/8/26 22:49,FINISH,249475,2025/8/26 22:53
dws_element_virtual_stat,2025/8/26 23:02,2025/8/26 23:07,2025/8/26 23:02,FINISH,271638,2025/8/26 23:07
dwd_archive_fax,2025/8/26 23:06,2025/8/26 23:10,2025/8/26 23:06,FINISH,208625,2025/8/26 23:09
dws_archive_bank_info,2025/8/26 23:06,2025/8/26 23:10,2025/8/26 23:06,FINISH,222753,2025/8/26 23:10
dwd_archive_others_lis,2025/8/26 23:06,2025/8/26 23:15,2025/8/26 23:07,FINISH,509075,2025/8/26 23:15
dws_element_virtual_region_d,2025/8/26 23:07,2025/8/26 23:14,2025/8/26 23:07,FINISH,402622,2025/8/26 23:14
dws_e_mobile_radius_info,2025/8/26 23:08,2025/8/26 23:18,2025/8/26 23:08,FINISH,550010,2025/8/26 23:17
dws_e_fixed_radius_info,2025/8/26 23:09,2025/8/26 23:16,2025/8/26 23:09,FINISH,373533,2025/8/26 23:16
dws_t_app_visit_h,2025/8/26 23:10,2025/8/26 23:20,2025/8/26 23:10,FINISH,566112,2025/8/26 23:20
dws_e_fixed_ip_info,2025/8/26 23:10,2025/8/26 23:21,2025/8/26 23:11,FINISH,606625,2025/8/26 23:21
dwd_archive_remote_lis,2025/8/26 23:11,2025/8/26 23:19,2025/8/26 23:11,FINISH,432085,2025/8/26 23:18
dwd_archive_http_lis,2025/8/26 23:11,2025/8/26 23:23,2025/8/26 23:11,FINISH,722401,2025/8/26 23:23
dwd_archive_nf_other_log,2025/8/26 23:11,2025/8/26 23:29,2025/8/26 23:11,FINISH,1082483,2025/8/26 23:29
dws_e_custom_user_info,2025/8/26 23:11,2025/8/26 23:23,2025/8/26 23:12,FINISH,651181,2025/8/26 23:23
dwd_archive_call,2025/8/26 23:12,2025/8/26 23:21,2025/8/26 23:12,FINISH,505573,2025/8/26 23:21
dws_archive_email_phone_extrat,2025/8/26 23:12,2025/8/26 23:21,2025/8/26 23:12,FINISH,494264,2025/8/26 23:21
dws_archive_email_behavior,2025/8/26 23:12,2025/8/26 23:27,2025/8/26 23:13,FINISH,870901,2025/8/26 23:27
dws_element_nf_protocol_info_h,2025/8/26 23:12,2025/8/26 23:24,2025/8/26 23:13,FINISH,660497,2025/8/26 23:24
dwd_archive_ftp_lis,2025/8/26 23:13,2025/8/26 23:22,2025/8/26 23:14,FINISH,479062,2025/8/26 23:22
dws_archive_email_nickname,2025/8/26 23:13,2025/8/26 23:25,2025/8/26 23:14,FINISH,649353,2025/8/26 23:24
dwd_archive_nf_url,2025/8/26 23:13,2025/8/26 23:26,2025/8/26 23:14,FINISH,759636,2025/8/26 23:26
dws_t_app_blocking_h,2025/8/26 23:13,2025/8/26 23:26,2025/8/26 23:14,FINISH,668843,2025/8/26 23:25
dws_archive_block_theme,2025/8/26 23:14,2025/8/26 23:26,2025/8/26 23:15,FINISH,646389,2025/8/26 23:25
dws_archive_radius_theme_info,2025/8/26 23:14,2025/8/26 23:32,2025/8/26 23:15,FINISH,992396,2025/8/26 23:32
dws_element_radius_auth_record,2025/8/26 23:15,2025/8/26 23:31,2025/8/26 23:16,FINISH,865801,2025/8/26 23:30
dws_archive_lis_info_hour,2025/8/26 23:15,2025/8/26 23:32,2025/8/26 23:16,FINISH,979857,2025/8/26 23:32
dws_archive_connect_info,2025/8/26 23:15,2025/8/26 23:27,2025/8/26 23:16,FINISH,663926,2025/8/26 23:27
dws_archive_email_password,2025/8/26 23:16,2025/8/26 23:25,2025/8/26 23:17,FINISH,518959,2025/8/26 23:25
dwd_archive_tool_lis,2025/8/26 23:16,2025/8/26 23:26,2025/8/26 23:17,FINISH,565231,2025/8/26 23:26
dwd_archive_sms,2025/8/26 23:17,2025/8/26 23:26,2025/8/26 23:18,FINISH,496293,2025/8/26 23:26
dws_archive_im_behavior,2025/8/26 23:17,2025/8/26 23:26,2025/8/26 23:18,FINISH,517535,2025/8/26 23:26
dws_element_phone_region_day,2025/8/26 23:17,2025/8/26 23:29,2025/8/26 23:18,FINISH,681585,2025/8/26 23:29
dws_archive_app_block_hour,2025/8/26 23:18,2025/8/26 23:27,2025/8/26 23:19,FINISH,516651,2025/8/26 23:27
dws_archive_flight_info,2025/8/26 23:18,2025/8/26 23:28,2025/8/26 23:19,FINISH,525423,2025/8/26 23:27
dws_archive_call_internet_info,2025/8/26 23:19,2025/8/26 23:33,2025/8/26 23:20,FINISH,765409,2025/8/26 23:33
ads_archive_im_statistics,2025/8/26 23:20,2025/8/26 23:31,2025/8/26 23:21,FINISH,620454,2025/8/26 23:31
dws_archive_virtual_target,2025/8/26 23:20,2025/8/26 23:33,2025/8/26 23:21,FINISH,667630,2025/8/26 23:32
dws_archive_attach_info,2025/8/26 23:20,2025/8/26 23:36,2025/8/26 23:21,FINISH,853403,2025/8/26 23:35
ads_stats_behavior_h,2025/8/26 23:21,2025/8/26 23:31,2025/8/26 23:22,FINISH,564013,2025/8/26 23:31
dws_archive_call_chat_info,2025/8/26 23:21,2025/8/26 23:35,2025/8/26 23:23,FINISH,693646,2025/8/26 23:34
dwd_archive_voip_lis,2025/8/26 23:22,2025/8/26 23:32,2025/8/26 23:23,FINISH,578558,2025/8/26 23:32
dws_archive_high_freq_words,2025/8/26 23:22,2025/8/26 23:33,2025/8/26 23:23,FINISH,620357,2025/8/26 23:33
dws_element_domain_region_day,2025/8/26 23:22,2025/8/26 23:33,2025/8/26 23:23,FINISH,618958,2025/8/26 23:33
dwd_archive_vpn_other_log,2025/8/26 23:23,2025/8/26 23:34,2025/8/26 23:24,FINISH,601346,2025/8/26 23:34
dws_t_app_info,2025/8/26 23:23,2025/8/26 23:38,2025/8/26 23:24,FINISH,809198,2025/8/26 23:37
dws_t_app_visit_h_top,2025/8/26 23:23,2025/8/26 23:32,2025/8/26 23:24,FINISH,506849,2025/8/26 23:32
dws_er_user_ip,2025/8/26 23:24,2025/8/26 23:37,2025/8/26 23:25,FINISH,686469,2025/8/26 23:36
dws_archive_app_theme_info,2025/8/26 23:24,2025/8/26 23:38,2025/8/26 23:25,FINISH,780387,2025/8/26 23:38
dwd_archive_email_lis,2025/8/26 23:25,2025/8/26 23:34,2025/8/26 23:26,FINISH,491044,2025/8/26 23:34
dwd_archive_im_lis,2025/8/26 23:26,2025/8/26 23:35,2025/8/26 23:27,FINISH,494264,2025/8/26 23:35
dws_archive_vpn_info_hour,2025/8/26 23:26,2025/8/26 23:37,2025/8/26 23:27,FINISH,570660,2025/8/26 23:36
ads_stats_blocking_h,2025/8/26 23:26,2025/8/26 23:36,2025/8/26 23:27,FINISH,513088,2025/8/26 23:36
dwd_archive_vpn_lis,2025/8/26 23:27,2025/8/26 23:36,2025/8/26 23:28,FINISH,496180,2025/8/26 23:36
dws_element_app_region_day,2025/8/26 23:27,2025/8/26 23:41,2025/8/26 23:28,FINISH,770474,2025/8/26 23:41
dws_e_user_group_info,2025/8/26 23:27,2025/8/26 23:41,2025/8/26 23:28,FINISH,782643,2025/8/26 23:41
dws_archive_connection_day,2025/8/26 23:28,2025/8/26 23:38,2025/8/26 23:29,FINISH,499899,2025/8/26 23:37
dws_archive_web_theme_info,2025/8/26 23:28,2025/8/26 23:39,2025/8/26 23:29,FINISH,603214,2025/8/26 23:39
dwd_archive_vpn_url,2025/8/26 23:29,2025/8/26 23:39,2025/8/26 23:30,FINISH,497175,2025/8/26 23:38
dws_t_protocol_stats_h,2025/8/26 23:29,2025/8/26 23:50,2025/8/26 23:30,FINISH,1144810,2025/8/26 23:49
dws_archive_block_daily,2025/8/26 23:31,2025/8/26 23:40,2025/8/26 23:32,FINISH,491725,2025/8/26 23:40
dws_archive_nf_info_hour,2025/8/26 23:31,2025/8/26 23:44,2025/8/26 23:32,FINISH,709095,2025/8/26 23:44
dws_archive_radius_vir_hour,2025/8/26 23:32,2025/8/26 23:41,2025/8/26 23:33,FINISH,458148,2025/8/26 23:41
ads_stats_behavior_h_top,2025/8/26 23:33,2025/8/26 23:42,2025/8/26 23:34,FINISH,470281,2025/8/26 23:42
dws_archive_call_app_hour,2025/8/26 23:34,2025/8/26 23:43,2025/8/26 23:35,FINISH,495700,2025/8/26 23:43
dws_archive_radius_app_hour,2025/8/26 23:35,2025/8/26 23:44,2025/8/26 23:36,FINISH,498067,2025/8/26 23:44
ads_archive_email_statistics,2025/8/26 23:35,2025/8/26 23:47,2025/8/26 23:36,FINISH,654090,2025/8/26 23:47
dws_archive_call_virtual_hour,2025/8/26 23:36,2025/8/26 23:44,2025/8/26 23:37,FINISH,444718,2025/8/26 23:44
dws_archive_attach_day,2025/8/26 23:36,2025/8/26 23:45,2025/8/26 23:37,FINISH,452422,2025/8/26 23:45
ads_archive_radius_statistics,2025/8/26 23:37,2025/8/26 23:47,2025/8/26 23:38,FINISH,572479,2025/8/26 23:47
dws_archive_call_behavior_day,2025/8/26 23:38,2025/8/26 23:46,2025/8/26 23:39,FINISH,422879,2025/8/26 23:46
dws_archive_radius_be_hour,2025/8/26 23:39,2025/8/26 23:47,2025/8/26 23:40,FINISH,424219,2025/8/26 23:47
dws_archive_app_behavior_hour,2025/8/26 23:39,2025/8/26 23:47,2025/8/26 23:40,FINISH,424386,2025/8/26 23:47
ads_archive_web_imp_target,2025/8/26 23:40,2025/8/26 23:48,2025/8/26 23:41,FINISH,426340,2025/8/26 23:48
dws_archive_call_behavior_hour,2025/8/26 23:40,2025/8/26 23:49,2025/8/26 23:41,FINISH,512781,2025/8/26 23:49
ads_archive_app_behavior_daily,2025/8/26 23:41,2025/8/26 23:51,2025/8/26 23:42,FINISH,571911,2025/8/26 23:51
ads_archive_web_statistics,2025/8/26 23:42,2025/8/26 23:49,2025/8/26 23:43,FINISH,376686,2025/8/26 23:49
ads_archive_call_statistics,2025/8/26 23:42,2025/8/26 23:52,2025/8/26 23:43,FINISH,504794,2025/8/26 23:51
ads_archive_app_imp_target,2025/8/26 23:43,2025/8/26 23:50,2025/8/26 23:44,FINISH,375713,2025/8/26 23:50
ads_archive_web_ip_daily,2025/8/26 23:44,2025/8/26 23:51,2025/8/26 23:45,FINISH,385459,2025/8/26 23:51
ads_archive_app_ip_daily,2025/8/26 23:44,2025/8/26 23:51,2025/8/26 23:45,FINISH,346598,2025/8/26 23:51
dws_archive_web_behavior_hour,2025/8/26 23:45,2025/8/26 23:52,2025/8/26 23:46,FINISH,303249,2025/8/26 23:51
ads_archive_app_statistics,2025/8/26 23:46,2025/8/26 23:53,2025/8/26 23:47,FINISH,324745,2025/8/26 23:53
ads_archive_web_behavior_daily,2025/8/26 23:47,2025/8/26 23:54,2025/8/26 23:48,FINISH,346659,2025/8/26 23:54
ads_stats_detail_h,2025/8/26 23:50,2025/8/26 23:54,2025/8/26 23:51,FINISH,189610,2025/8/26 23:54
dws_element_virtual_stat,2025/8/27 0:02,2025/8/27 0:07,2025/8/27 0:02,FINISH,273360,2025/8/27 0:07
dwd_archive_fax,2025/8/27 0:06,2025/8/27 0:10,2025/8/27 0:06,FINISH,223196,2025/8/27 0:10
dws_archive_bank_info,2025/8/27 0:06,2025/8/27 0:10,2025/8/27 0:06,FINISH,211326,2025/8/27 0:10
dwd_archive_others_lis,2025/8/27 0:06,2025/8/27 0:19,2025/8/27 0:07,FINISH,744575,2025/8/27 0:19
dws_element_virtual_region_d,2025/8/27 0:07,2025/8/27 0:17,2025/8/27 0:07,FINISH,566403,2025/8/27 0:17
dws_e_mobile_radius_info,2025/8/27 0:08,2025/8/27 0:19,2025/8/27 0:08,FINISH,582034,2025/8/27 0:18
dws_e_fixed_radius_info,2025/8/27 0:09,2025/8/27 0:16,2025/8/27 0:09,FINISH,374462,2025/8/27 0:16
dws_t_app_visit_h,2025/8/27 0:10,2025/8/27 0:23,2025/8/27 0:11,FINISH,720879,2025/8/27 0:23
dws_e_fixed_ip_info,2025/8/27 0:10,2025/8/27 0:24,2025/8/27 0:11,FINISH,744514,2025/8/27 0:23
dwd_archive_remote_lis,2025/8/27 0:11,2025/8/27 0:20,2025/8/27 0:11,FINISH,534878,2025/8/27 0:20
dwd_archive_http_lis,2025/8/27 0:11,2025/8/27 0:25,2025/8/27 0:11,FINISH,839603,2025/8/27 0:25
dwd_archive_nf_other_log,2025/8/27 0:11,2025/8/27 0:29,2025/8/27 0:11,FINISH,1058840,2025/8/27 0:29
dws_e_custom_user_info,2025/8/27 0:11,2025/8/27 0:25,2025/8/27 0:12,FINISH,725926,2025/8/27 0:24
dwd_archive_call,2025/8/27 0:12,2025/8/27 0:21,2025/8/27 0:12,FINISH,507526,2025/8/27 0:21
dws_archive_email_phone_extrat,2025/8/27 0:12,2025/8/27 0:21,2025/8/27 0:12,FINISH,506401,2025/8/27 0:21
dws_archive_email_behavior,2025/8/27 0:12,2025/8/27 0:24,2025/8/27 0:13,FINISH,694082,2025/8/27 0:24
dws_element_nf_protocol_info_h,2025/8/27 0:12,2025/8/27 0:26,2025/8/27 0:13,FINISH,816358,2025/8/27 0:26
dwd_archive_ftp_lis,2025/8/27 0:13,2025/8/27 0:22,2025/8/27 0:14,FINISH,518779,2025/8/27 0:22
dws_archive_email_nickname,2025/8/27 0:13,2025/8/27 0:25,2025/8/27 0:14,FINISH,647112,2025/8/27 0:24
dwd_archive_nf_url,2025/8/27 0:13,2025/8/27 0:27,2025/8/27 0:14,FINISH,775671,2025/8/27 0:27
dws_t_app_blocking_h,2025/8/27 0:13,2025/8/27 0:25,2025/8/27 0:14,FINISH,660474,2025/8/27 0:25
dws_archive_block_theme,2025/8/27 0:14,2025/8/27 0:26,2025/8/27 0:15,FINISH,646410,2025/8/27 0:25
dws_archive_radius_theme_info,2025/8/27 0:14,2025/8/27 0:28,2025/8/27 0:15,FINISH,774390,2025/8/27 0:28
dws_element_radius_auth_record,2025/8/27 0:15,2025/8/27 0:31,2025/8/27 0:16,FINISH,847873,2025/8/27 0:30
dws_archive_lis_info_hour,2025/8/27 0:15,2025/8/27 0:32,2025/8/27 0:16,FINISH,983077,2025/8/27 0:32
dws_archive_connect_info,2025/8/27 0:15,2025/8/27 0:27,2025/8/27 0:16,FINISH,660037,2025/8/27 0:27
dwd_archive_tool_lis,2025/8/27 0:16,2025/8/27 0:25,2025/8/27 0:17,FINISH,497640,2025/8/27 0:25
dws_archive_email_password,2025/8/27 0:16,2025/8/27 0:26,2025/8/27 0:17,FINISH,535086,2025/8/27 0:26
dws_archive_im_behavior,2025/8/27 0:17,2025/8/27 0:26,2025/8/27 0:18,FINISH,522566,2025/8/27 0:26
dwd_archive_sms,2025/8/27 0:17,2025/8/27 0:26,2025/8/27 0:18,FINISH,513630,2025/8/27 0:26
dws_element_phone_region_day,2025/8/27 0:17,2025/8/27 0:29,2025/8/27 0:18,FINISH,681291,2025/8/27 0:29
dws_archive_flight_info,2025/8/27 0:18,2025/8/27 0:28,2025/8/27 0:19,FINISH,534246,2025/8/27 0:28
dws_archive_app_block_hour,2025/8/27 0:18,2025/8/27 0:27,2025/8/27 0:19,FINISH,512049,2025/8/27 0:27
dws_archive_call_internet_info,2025/8/27 0:19,2025/8/27 0:36,2025/8/27 0:20,FINISH,938904,2025/8/27 0:36
ads_archive_im_statistics,2025/8/27 0:20,2025/8/27 0:32,2025/8/27 0:21,FINISH,649814,2025/8/27 0:32
dws_archive_virtual_target,2025/8/27 0:20,2025/8/27 0:33,2025/8/27 0:21,FINISH,645404,2025/8/27 0:32
dws_archive_attach_info,2025/8/27 0:20,2025/8/27 0:34,2025/8/27 0:21,FINISH,718241,2025/8/27 0:33
dws_archive_call_chat_info,2025/8/27 0:21,2025/8/27 0:35,2025/8/27 0:23,FINISH,691291,2025/8/27 0:34
dws_archive_high_freq_words,2025/8/27 0:22,2025/8/27 0:33,2025/8/27 0:23,FINISH,618245,2025/8/27 0:33
dws_element_domain_region_day,2025/8/27 0:22,2025/8/27 0:33,2025/8/27 0:23,FINISH,621981,2025/8/27 0:33
dwd_archive_voip_lis,2025/8/27 0:22,2025/8/27 0:32,2025/8/27 0:23,FINISH,581642,2025/8/27 0:32
dwd_archive_vpn_other_log,2025/8/27 0:23,2025/8/27 0:32,2025/8/27 0:24,FINISH,511729,2025/8/27 0:32
dws_t_app_info,2025/8/27 0:23,2025/8/27 0:35,2025/8/27 0:24,FINISH,665849,2025/8/27 0:35
ads_stats_behavior_h,2025/8/27 0:23,2025/8/27 0:34,2025/8/27 0:25,FINISH,545198,2025/8/27 0:34
dws_archive_app_theme_info,2025/8/27 0:24,2025/8/27 0:38,2025/8/27 0:25,FINISH,776213,2025/8/27 0:38
dwd_archive_email_lis,2025/8/27 0:25,2025/8/27 0:34,2025/8/27 0:26,FINISH,506596,2025/8/27 0:34
dws_er_user_ip,2025/8/27 0:25,2025/8/27 0:38,2025/8/27 0:27,FINISH,675877,2025/8/27 0:38
dwd_archive_im_lis,2025/8/27 0:26,2025/8/27 0:35,2025/8/27 0:27,FINISH,493457,2025/8/27 0:35
dws_archive_vpn_info_hour,2025/8/27 0:26,2025/8/27 0:40,2025/8/27 0:27,FINISH,794620,2025/8/27 0:40
dws_t_app_visit_h_top,2025/8/27 0:26,2025/8/27 0:35,2025/8/27 0:27,FINISH,495604,2025/8/27 0:35
ads_stats_blocking_h,2025/8/27 0:26,2025/8/27 0:36,2025/8/27 0:27,FINISH,491640,2025/8/27 0:35
dwd_archive_vpn_lis,2025/8/27 0:27,2025/8/27 0:36,2025/8/27 0:28,FINISH,494654,2025/8/27 0:36
dws_e_user_group_info,2025/8/27 0:27,2025/8/27 0:39,2025/8/27 0:28,FINISH,689963,2025/8/27 0:39
dws_element_app_region_day,2025/8/27 0:27,2025/8/27 0:39,2025/8/27 0:28,FINISH,669744,2025/8/27 0:39
dwd_archive_nf_url_day,2025/8/27 0:28,2025/8/27 0:50,2025/8/27 0:29,FINISH,1289395,2025/8/27 0:50
dws_archive_connection_day,2025/8/27 0:28,2025/8/27 0:39,2025/8/27 0:29,FINISH,597088,2025/8/27 0:39
dws_archive_web_theme_info,2025/8/27 0:28,2025/8/27 0:42,2025/8/27 0:29,FINISH,752730,2025/8/27 0:42
dwd_archive_vpn_url,2025/8/27 0:29,2025/8/27 0:39,2025/8/27 0:30,FINISH,532541,2025/8/27 0:39
dws_archive_radius_vir_hour,2025/8/27 0:29,2025/8/27 0:38,2025/8/27 0:30,FINISH,489898,2025/8/27 0:38
dws_t_protocol_stats_h,2025/8/27 0:29,2025/8/27 0:50,2025/8/27 0:30,FINISH,1118169,2025/8/27 0:49
dws_archive_block_daily,2025/8/27 0:31,2025/8/27 0:40,2025/8/27 0:32,FINISH,492357,2025/8/27 0:40
dws_archive_nf_info_hour,2025/8/27 0:31,2025/8/27 0:42,2025/8/27 0:32,FINISH,588997,2025/8/27 0:42
dws_archive_radius_app_hour,2025/8/27 0:31,2025/8/27 0:40,2025/8/27 0:32,FINISH,490322,2025/8/27 0:40
ads_archive_radius_statistics,2025/8/27 0:33,2025/8/27 0:44,2025/8/27 0:35,FINISH,546381,2025/8/27 0:44
dws_archive_attach_day,2025/8/27 0:34,2025/8/27 0:43,2025/8/27 0:35,FINISH,444392,2025/8/27 0:43
ads_archive_email_statistics,2025/8/27 0:35,2025/8/27 0:50,2025/8/27 0:36,FINISH,828947,2025/8/27 0:50
dws_archive_call_behavior_day,2025/8/27 0:35,2025/8/27 0:44,2025/8/27 0:36,FINISH,467122,2025/8/27 0:44
dws_archive_radius_be_hour,2025/8/27 0:36,2025/8/27 0:44,2025/8/27 0:37,FINISH,440188,2025/8/27 0:44
ads_stats_behavior_h_top,2025/8/27 0:36,2025/8/27 0:44,2025/8/27 0:37,FINISH,444664,2025/8/27 0:44
dwd_archive_nf_other_log_day,2025/8/27 0:37,2025/8/27 1:36,2025/8/27 0:38,FINISH,3491597,2025/8/27 1:36
dws_archive_call_app_hour,2025/8/27 0:37,2025/8/27 0:48,2025/8/27 0:38,FINISH,592573,2025/8/27 0:48
dws_archive_app_behavior_hour,2025/8/27 0:39,2025/8/27 0:46,2025/8/27 0:40,FINISH,389671,2025/8/27 0:46
dws_archive_call_behavior_hour,2025/8/27 0:40,2025/8/27 0:50,2025/8/27 0:41,FINISH,531665,2025/8/27 0:49
ads_archive_app_behavior_daily,2025/8/27 0:41,2025/8/27 0:53,2025/8/27 0:42,FINISH,673843,2025/8/27 0:53
dws_archive_call_virtual_hour,2025/8/27 0:42,2025/8/27 0:49,2025/8/27 0:42,FINISH,389308,2025/8/27 0:49
ads_archive_web_imp_target,2025/8/27 0:42,2025/8/27 0:50,2025/8/27 0:43,FINISH,394902,2025/8/27 0:50
ads_archive_app_imp_target,2025/8/27 0:43,2025/8/27 0:50,2025/8/27 0:43,FINISH,385737,2025/8/27 0:50
ads_archive_call_statistics,2025/8/27 0:43,2025/8/27 0:55,2025/8/27 0:45,FINISH,582656,2025/8/27 0:54
ads_archive_web_statistics,2025/8/27 0:44,2025/8/27 0:51,2025/8/27 0:45,FINISH,363934,2025/8/27 0:51
ads_archive_app_ip_daily,2025/8/27 0:44,2025/8/27 0:52,2025/8/27 0:45,FINISH,376264,2025/8/27 0:52
ads_archive_web_ip_daily,2025/8/27 0:46,2025/8/27 0:53,2025/8/27 0:47,FINISH,380494,2025/8/27 0:53
ads_archive_app_statistics,2025/8/27 0:46,2025/8/27 0:54,2025/8/27 0:47,FINISH,372791,2025/8/27 0:53
dws_archive_web_behavior_hour,2025/8/27 0:48,2025/8/27 0:54,2025/8/27 0:49,FINISH,296488,2025/8/27 0:53
ads_archive_web_behavior_daily,2025/8/27 0:49,2025/8/27 0:56,2025/8/27 0:50,FINISH,319072,2025/8/27 0:56
dws_t_app_visit_d,2025/8/27 0:50,2025/8/27 0:57,2025/8/27 0:51,FINISH,352494,2025/8/27 0:56
ads_stats_detail_h,2025/8/27 0:50,2025/8/27 0:55,2025/8/27 0:51,FINISH,238063,2025/8/27 0:55
dws_element_virtual_stat,2025/8/27 1:02,2025/8/27 1:06,2025/8/27 1:02,FINISH,247386,2025/8/27 1:06
dws_archive_bank_info,2025/8/27 1:06,2025/8/27 1:10,2025/8/27 1:06,FINISH,221771,2025/8/27 1:10
dwd_archive_fax,2025/8/27 1:06,2025/8/27 1:10,2025/8/27 1:06,FINISH,223237,2025/8/27 1:10
dwd_archive_others_lis,2025/8/27 1:06,2025/8/27 1:18,2025/8/27 1:07,FINISH,679818,2025/8/27 1:18
dws_element_virtual_region_d,2025/8/27 1:07,2025/8/27 1:17,2025/8/27 1:07,FINISH,568128,2025/8/27 1:17
dws_e_mobile_radius_info,2025/8/27 1:08,2025/8/27 1:18,2025/8/27 1:08,FINISH,551709,2025/8/27 1:17
dws_e_fixed_radius_info,2025/8/27 1:09,2025/8/27 1:16,2025/8/27 1:10,FINISH,356662,2025/8/27 1:15
dws_t_app_visit_h,2025/8/27 1:10,2025/8/27 1:20,2025/8/27 1:10,FINISH,591826,2025/8/27 1:20
dws_e_fixed_ip_info,2025/8/27 1:10,2025/8/27 1:23,2025/8/27 1:11,FINISH,700983,2025/8/27 1:22
dwd_archive_remote_lis,2025/8/27 1:11,2025/8/27 1:18,2025/8/27 1:11,FINISH,425707,2025/8/27 1:18
dwd_archive_http_lis,2025/8/27 1:11,2025/8/27 1:24,2025/8/27 1:11,FINISH,754281,2025/8/27 1:24
dwd_archive_nf_other_log,2025/8/27 1:11,2025/8/27 1:29,2025/8/27 1:11,FINISH,1051392,2025/8/27 1:29
dws_e_custom_user_info,2025/8/27 1:11,2025/8/27 1:26,2025/8/27 1:12,FINISH,793639,2025/8/27 1:25
dws_archive_email_phone_extrat,2025/8/27 1:12,2025/8/27 1:20,2025/8/27 1:12,FINISH,468776,2025/8/27 1:20
dwd_archive_call,2025/8/27 1:12,2025/8/27 1:21,2025/8/27 1:12,FINISH,495519,2025/8/27 1:21
dws_element_nf_protocol_info_h,2025/8/27 1:12,2025/8/27 1:24,2025/8/27 1:13,FINISH,658348,2025/8/27 1:23
dws_archive_email_behavior,2025/8/27 1:12,2025/8/27 1:26,2025/8/27 1:13,FINISH,783042,2025/8/27 1:26
dwd_archive_ftp_lis,2025/8/27 1:13,2025/8/27 1:22,2025/8/27 1:14,FINISH,492078,2025/8/27 1:22
dws_archive_email_nickname,2025/8/27 1:13,2025/8/27 1:24,2025/8/27 1:14,FINISH,592749,2025/8/27 1:24
dwd_archive_nf_url,2025/8/27 1:13,2025/8/27 1:27,2025/8/27 1:14,FINISH,801738,2025/8/27 1:27
dws_t_app_blocking_h,2025/8/27 1:13,2025/8/27 1:28,2025/8/27 1:14,FINISH,791716,2025/8/27 1:27
dws_archive_block_theme,2025/8/27 1:14,2025/8/27 1:28,2025/8/27 1:15,FINISH,783447,2025/8/27 1:28
dws_archive_radius_theme_info,2025/8/27 1:14,2025/8/27 1:30,2025/8/27 1:15,FINISH,895983,2025/8/27 1:30
dws_element_radius_auth_record,2025/8/27 1:15,2025/8/27 1:28,2025/8/27 1:16,FINISH,664574,2025/8/27 1:27
dws_archive_lis_info_hour,2025/8/27 1:15,2025/8/27 1:34,2025/8/27 1:16,FINISH,1070060,2025/8/27 1:34
dws_archive_connect_info,2025/8/27 1:15,2025/8/27 1:27,2025/8/27 1:16,FINISH,635378,2025/8/27 1:27
dws_archive_email_password,2025/8/27 1:16,2025/8/27 1:25,2025/8/27 1:17,FINISH,498184,2025/8/27 1:25
dwd_archive_tool_lis,2025/8/27 1:16,2025/8/27 1:25,2025/8/27 1:17,FINISH,472184,2025/8/27 1:24
dwd_archive_sms,2025/8/27 1:17,2025/8/27 1:26,2025/8/27 1:18,FINISH,480098,2025/8/27 1:26
dws_archive_im_behavior,2025/8/27 1:17,2025/8/27 1:26,2025/8/27 1:18,FINISH,502470,2025/8/27 1:26
dws_element_phone_region_day,2025/8/27 1:17,2025/8/27 1:29,2025/8/27 1:18,FINISH,657863,2025/8/27 1:29
dws_archive_app_block_hour,2025/8/27 1:18,2025/8/27 1:28,2025/8/27 1:19,FINISH,557153,2025/8/27 1:28
dws_archive_flight_info,2025/8/27 1:18,2025/8/27 1:28,2025/8/27 1:19,FINISH,500571,2025/8/27 1:27
dws_archive_call_internet_info,2025/8/27 1:19,2025/8/27 1:35,2025/8/27 1:20,FINISH,892930,2025/8/27 1:35
ads_archive_im_statistics,2025/8/27 1:20,2025/8/27 1:31,2025/8/27 1:21,FINISH,623753,2025/8/27 1:31
dws_archive_virtual_target,2025/8/27 1:20,2025/8/27 1:32,2025/8/27 1:21,FINISH,630000,2025/8/27 1:31
dws_archive_attach_info,2025/8/27 1:20,2025/8/27 1:33,2025/8/27 1:21,FINISH,718729,2025/8/27 1:33
ads_stats_behavior_h,2025/8/27 1:21,2025/8/27 1:31,2025/8/27 1:22,FINISH,528599,2025/8/27 1:31
dws_archive_call_chat_info,2025/8/27 1:21,2025/8/27 1:32,2025/8/27 1:23,FINISH,562913,2025/8/27 1:32
dws_element_domain_region_day,2025/8/27 1:22,2025/8/27 1:31,2025/8/27 1:23,FINISH,484251,2025/8/27 1:31
dws_archive_high_freq_words,2025/8/27 1:22,2025/8/27 1:31,2025/8/27 1:23,FINISH,500416,2025/8/27 1:31
dwd_archive_voip_lis,2025/8/27 1:22,2025/8/27 1:30,2025/8/27 1:23,FINISH,450564,2025/8/27 1:30
dwd_archive_vpn_other_log,2025/8/27 1:23,2025/8/27 1:32,2025/8/27 1:24,FINISH,474783,2025/8/27 1:32
dws_t_app_info,2025/8/27 1:23,2025/8/27 1:34,2025/8/27 1:24,FINISH,616495,2025/8/27 1:34
dws_t_app_visit_h_top,2025/8/27 1:23,2025/8/27 1:32,2025/8/27 1:24,FINISH,475332,2025/8/27 1:32
dws_archive_app_theme_info,2025/8/27 1:24,2025/8/27 1:41,2025/8/27 1:25,FINISH,921877,2025/8/27 1:40
dwd_archive_email_lis,2025/8/27 1:25,2025/8/27 1:34,2025/8/27 1:26,FINISH,491561,2025/8/27 1:34
dwd_archive_im_lis,2025/8/27 1:26,2025/8/27 1:35,2025/8/27 1:27,FINISH,478125,2025/8/27 1:35
dws_archive_vpn_info_hour,2025/8/27 1:26,2025/8/27 1:39,2025/8/27 1:27,FINISH,739721,2025/8/27 1:39
dws_er_user_ip,2025/8/27 1:26,2025/8/27 1:38,2025/8/27 1:28,FINISH,630980,2025/8/27 1:38
dwd_archive_vpn_lis,2025/8/27 1:27,2025/8/27 1:36,2025/8/27 1:28,FINISH,468397,2025/8/27 1:35
dws_e_user_group_info,2025/8/27 1:27,2025/8/27 1:41,2025/8/27 1:28,FINISH,766822,2025/8/27 1:41
dws_element_app_region_day,2025/8/27 1:27,2025/8/27 1:40,2025/8/27 1:28,FINISH,751124,2025/8/27 1:40
dws_archive_connection_day,2025/8/27 1:27,2025/8/27 1:37,2025/8/27 1:29,FINISH,465393,2025/8/27 1:36
dws_archive_web_theme_info,2025/8/27 1:28,2025/8/27 1:39,2025/8/27 1:29,FINISH,568503,2025/8/27 1:39
ads_stats_blocking_h,2025/8/27 1:28,2025/8/27 1:37,2025/8/27 1:29,FINISH,472530,2025/8/27 1:37
dwd_archive_vpn_url,2025/8/27 1:29,2025/8/27 1:38,2025/8/27 1:30,FINISH,464864,2025/8/27 1:37
dws_t_protocol_stats_h,2025/8/27 1:29,2025/8/27 1:46,2025/8/27 1:30,FINISH,885733,2025/8/27 1:45
dws_archive_block_daily,2025/8/27 1:31,2025/8/27 1:40,2025/8/27 1:32,FINISH,477932,2025/8/27 1:40
dws_archive_nf_info_hour,2025/8/27 1:31,2025/8/27 1:41,2025/8/27 1:32,FINISH,553502,2025/8/27 1:41
dws_archive_radius_vir_hour,2025/8/27 1:31,2025/8/27 1:40,2025/8/27 1:32,FINISH,461246,2025/8/27 1:39
ads_stats_behavior_h_top,2025/8/27 1:33,2025/8/27 1:41,2025/8/27 1:34,FINISH,448266,2025/8/27 1:41
dws_archive_radius_app_hour,2025/8/27 1:33,2025/8/27 1:42,2025/8/27 1:34,FINISH,501492,2025/8/27 1:42
dws_archive_call_behavior_day,2025/8/27 1:33,2025/8/27 1:41,2025/8/27 1:34,FINISH,424744,2025/8/27 1:41
dws_archive_attach_day,2025/8/27 1:34,2025/8/27 1:42,2025/8/27 1:35,FINISH,412505,2025/8/27 1:42
ads_archive_email_statistics,2025/8/27 1:35,2025/8/27 1:46,2025/8/27 1:36,FINISH,586964,2025/8/27 1:46
ads_archive_radius_statistics,2025/8/27 1:35,2025/8/27 1:45,2025/8/27 1:36,FINISH,521369,2025/8/27 1:45
dws_archive_call_app_hour,2025/8/27 1:36,2025/8/27 1:44,2025/8/27 1:37,FINISH,416032,2025/8/27 1:44
dws_archive_radius_be_hour,2025/8/27 1:37,2025/8/27 1:44,2025/8/27 1:38,FINISH,373924,2025/8/27 1:44
dws_archive_call_behavior_hour,2025/8/27 1:38,2025/8/27 1:48,2025/8/27 1:39,FINISH,584968,2025/8/27 1:48
ads_archive_web_imp_target,2025/8/27 1:39,2025/8/27 1:46,2025/8/27 1:40,FINISH,371697,2025/8/27 1:46
dws_t_app_visit_d_top,2025/8/27 1:40,2025/8/27 1:47,2025/8/27 1:41,FINISH,359299,2025/8/27 1:47
dws_archive_call_virtual_hour,2025/8/27 1:40,2025/8/27 1:47,2025/8/27 1:41,FINISH,388079,2025/8/27 1:47
dws_archive_app_behavior_hour,2025/8/27 1:41,2025/8/27 1:48,2025/8/27 1:42,FINISH,360048,2025/8/27 1:48
ads_archive_web_statistics,2025/8/27 1:41,2025/8/27 1:48,2025/8/27 1:42,FINISH,333573,2025/8/27 1:47
ads_archive_call_statistics,2025/8/27 1:41,2025/8/27 1:51,2025/8/27 1:42,FINISH,467138,2025/8/27 1:50
ads_archive_app_behavior_daily,2025/8/27 1:43,2025/8/27 1:53,2025/8/27 1:43,FINISH,542724,2025/8/27 1:53
ads_archive_web_ip_daily,2025/8/27 1:43,2025/8/27 1:50,2025/8/27 1:44,FINISH,389858,2025/8/27 1:50
ads_archive_app_imp_target,2025/8/27 1:44,2025/8/27 1:50,2025/8/27 1:45,FINISH,302212,2025/8/27 1:50
dws_archive_web_behavior_hour,2025/8/27 1:44,2025/8/27 1:50,2025/8/27 1:45,FINISH,303280,2025/8/27 1:50
ads_archive_app_ip_daily,2025/8/27 1:46,2025/8/27 1:52,2025/8/27 1:47,FINISH,307101,2025/8/27 1:52
ads_archive_web_behavior_daily,2025/8/27 1:46,2025/8/27 1:53,2025/8/27 1:47,FINISH,340722,2025/8/27 1:52
ads_stats_detail_h,2025/8/27 1:46,2025/8/27 1:51,2025/8/27 1:47,FINISH,246129,2025/8/27 1:51
ads_archive_app_statistics,2025/8/27 1:48,2025/8/27 1:54,2025/8/27 1:48,FINISH,353858,2025/8/27 1:54
ads_basic_fixnet_radius_info,2025/8/27 2:00,2025/8/27 2:04,2025/8/27 2:00,FINISH,220257,2025/8/27 2:04
dws_report_time_count,2025/8/27 2:00,2025/8/27 2:36,2025/8/27 2:00,FINISH,2118403,2025/8/27 2:35
dws_report_domain_flux_time,2025/8/27 2:00,2025/8/27 2:25,2025/8/27 2:00,FINISH,1455738,2025/8/27 2:24
ads_archive_tag_stat_pr,2025/8/27 2:00,2025/8/27 2:32,2025/8/27 2:01,FINISH,1841893,2025/8/27 2:31
dws_element_virtual_stat,2025/8/27 2:02,2025/8/27 2:07,2025/8/27 2:02,FINISH,285244,2025/8/27 2:07
dwd_archive_fax,2025/8/27 2:06,2025/8/27 2:10,2025/8/27 2:06,FINISH,241058,2025/8/27 2:10
dws_archive_bank_info,2025/8/27 2:06,2025/8/27 2:10,2025/8/27 2:06,FINISH,232381,2025/8/27 2:10
dwd_archive_others_lis,2025/8/27 2:06,2025/8/27 2:20,2025/8/27 2:07,FINISH,807111,2025/8/27 2:20
dws_element_virtual_region_d,2025/8/27 2:07,2025/8/27 2:15,2025/8/27 2:07,FINISH,472040,2025/8/27 2:15
dws_e_mobile_radius_info,2025/8/27 2:08,2025/8/27 2:16,2025/8/27 2:08,FINISH,443746,2025/8/27 2:16
dws_e_fixed_radius_info,2025/8/27 2:09,2025/8/27 2:16,2025/8/27 2:10,FINISH,392402,2025/8/27 2:16
dws_t_app_blocking_d,2025/8/27 2:10,2025/8/27 2:17,2025/8/27 2:10,FINISH,416297,2025/8/27 2:17
dws_t_app_visit_h,2025/8/27 2:10,2025/8/27 2:21,2025/8/27 2:11,FINISH,591417,2025/8/27 2:20
dws_e_fixed_ip_info,2025/8/27 2:10,2025/8/27 2:25,2025/8/27 2:11,FINISH,799780,2025/8/27 2:24
dwd_archive_remote_lis,2025/8/27 2:11,2025/8/27 2:21,2025/8/27 2:11,FINISH,580561,2025/8/27 2:21
dwd_archive_http_lis,2025/8/27 2:11,2025/8/27 2:21,2025/8/27 2:11,FINISH,561032,2025/8/27 2:21
dwd_archive_nf_other_log,2025/8/27 2:11,2025/8/27 2:27,2025/8/27 2:11,FINISH,948523,2025/8/27 2:27
dws_archive_email_phone_extrat,2025/8/27 2:12,2025/8/27 2:21,2025/8/27 2:12,FINISH,480859,2025/8/27 2:20
dwd_archive_call,2025/8/27 2:12,2025/8/27 2:21,2025/8/27 2:12,FINISH,484010,2025/8/27 2:21
dws_element_nf_protocol_info_h,2025/8/27 2:12,2025/8/27 2:24,2025/8/27 2:13,FINISH,682007,2025/8/27 2:24
dws_archive_email_behavior,2025/8/27 2:12,2025/8/27 2:24,2025/8/27 2:13,FINISH,682874,2025/8/27 2:24
dws_e_custom_user_info,2025/8/27 2:12,2025/8/27 2:25,2025/8/27 2:13,FINISH,710288,2025/8/27 2:24
dwd_archive_ftp_lis,2025/8/27 2:13,2025/8/27 2:22,2025/8/27 2:14,FINISH,493016,2025/8/27 2:22
ads_archive_phone_loc_m_his_0,2025/8/27 2:13,2025/8/27 2:31,2025/8/27 2:14,FINISH,1008619,2025/8/27 2:30
dws_archive_email_nickname,2025/8/27 2:13,2025/8/27 2:25,2025/8/27 2:14,FINISH,693831,2025/8/27 2:25
dwd_archive_nf_url,2025/8/27 2:13,2025/8/27 2:26,2025/8/27 2:14,FINISH,762571,2025/8/27 2:26
dws_t_app_blocking_h,2025/8/27 2:13,2025/8/27 2:26,2025/8/27 2:14,FINISH,696650,2025/8/27 2:26
ads_archive_phone_loc_d_his_0,2025/8/27 2:13,2025/8/27 2:35,2025/8/27 2:14,FINISH,1169728,2025/8/27 2:34
dws_archive_block_theme,2025/8/27 2:14,2025/8/27 2:26,2025/8/27 2:15,FINISH,664170,2025/8/27 2:26
dws_archive_radius_theme_info,2025/8/27 2:14,2025/8/27 2:34,2025/8/27 2:15,FINISH,1103511,2025/8/27 2:34
dws_element_radius_auth_record,2025/8/27 2:15,2025/8/27 2:30,2025/8/27 2:16,FINISH,780935,2025/8/27 2:29
dws_archive_lis_info_hour,2025/8/27 2:15,2025/8/27 2:34,2025/8/27 2:16,FINISH,1094577,2025/8/27 2:34
dws_archive_connect_info,2025/8/27 2:15,2025/8/27 2:28,2025/8/27 2:16,FINISH,690684,2025/8/27 2:28
dws_archive_email_password,2025/8/27 2:16,2025/8/27 2:28,2025/8/27 2:17,FINISH,647187,2025/8/27 2:27
dwd_archive_tool_lis,2025/8/27 2:16,2025/8/27 2:27,2025/8/27 2:17,FINISH,633325,2025/8/27 2:27
dwd_archive_sms,2025/8/27 2:17,2025/8/27 2:29,2025/8/27 2:18,FINISH,643188,2025/8/27 2:28
dws_archive_im_behavior,2025/8/27 2:17,2025/8/27 2:29,2025/8/27 2:18,FINISH,646701,2025/8/27 2:28
dws_element_phone_region_day,2025/8/27 2:17,2025/8/27 2:33,2025/8/27 2:18,FINISH,900355,2025/8/27 2:33
dws_archive_flight_info,2025/8/27 2:18,2025/8/27 2:31,2025/8/27 2:19,FINISH,689795,2025/8/27 2:30
dws_archive_app_block_hour,2025/8/27 2:18,2025/8/27 2:30,2025/8/27 2:19,FINISH,679051,2025/8/27 2:30
dws_archive_call_internet_info,2025/8/27 2:19,2025/8/27 2:39,2025/8/27 2:20,FINISH,1096774,2025/8/27 2:39
ads_archive_im_statistics,2025/8/27 2:20,2025/8/27 2:33,2025/8/27 2:21,FINISH,723473,2025/8/27 2:33
dws_archive_virtual_target,2025/8/27 2:20,2025/8/27 2:34,2025/8/27 2:21,FINISH,682078,2025/8/27 2:32
dws_theme_app_domain_ip_rule,2025/8/27 2:20,2025/8/27 2:38,2025/8/27 2:21,FINISH,858582,2025/8/27 2:35
dws_archive_attach_info,2025/8/27 2:20,2025/8/27 2:39,2025/8/27 2:21,FINISH,1036862,2025/8/27 2:38
ads_stats_behavior_h,2025/8/27 2:21,2025/8/27 2:34,2025/8/27 2:22,FINISH,701797,2025/8/27 2:34
dws_archive_call_chat_info,2025/8/27 2:21,2025/8/27 2:38,2025/8/27 2:23,FINISH,900210,2025/8/27 2:38
dwd_archive_voip_lis,2025/8/27 2:22,2025/8/27 2:34,2025/8/27 2:23,FINISH,650131,2025/8/27 2:34
dws_element_domain_region_day,2025/8/27 2:22,2025/8/27 2:34,2025/8/27 2:23,FINISH,688376,2025/8/27 2:34
dws_archive_high_freq_words,2025/8/27 2:22,2025/8/27 2:34,2025/8/27 2:23,FINISH,683739,2025/8/27 2:34
dwd_archive_vpn_other_log,2025/8/27 2:23,2025/8/27 2:36,2025/8/27 2:24,FINISH,720821,2025/8/27 2:36
dws_t_app_info,2025/8/27 2:23,2025/8/27 2:36,2025/8/27 2:24,FINISH,728455,2025/8/27 2:36
dws_t_app_visit_h_top,2025/8/27 2:24,2025/8/27 2:36,2025/8/27 2:25,FINISH,648415,2025/8/27 2:36
dws_archive_app_theme_info,2025/8/27 2:24,2025/8/27 2:39,2025/8/27 2:25,FINISH,804049,2025/8/27 2:39
dwd_archive_email_lis,2025/8/27 2:25,2025/8/27 2:37,2025/8/27 2:26,FINISH,663426,2025/8/27 2:37
dwd_archive_im_lis,2025/8/27 2:26,2025/8/27 2:38,2025/8/27 2:27,FINISH,654501,2025/8/27 2:38
dws_archive_vpn_info_hour,2025/8/27 2:26,2025/8/27 2:41,2025/8/27 2:27,FINISH,853985,2025/8/27 2:41
dws_er_user_ip,2025/8/27 2:26,2025/8/27 2:39,2025/8/27 2:27,FINISH,722422,2025/8/27 2:39
dwd_archive_vpn_lis,2025/8/27 2:27,2025/8/27 2:39,2025/8/27 2:28,FINISH,650301,2025/8/27 2:39
dws_element_app_region_day,2025/8/27 2:27,2025/8/27 2:44,2025/8/27 2:28,FINISH,928469,2025/8/27 2:43
dws_e_user_group_info,2025/8/27 2:27,2025/8/27 2:44,2025/8/27 2:28,FINISH,940667,2025/8/27 2:44
ads_stats_blocking_h,2025/8/27 2:27,2025/8/27 2:38,2025/8/27 2:28,FINISH,570725,2025/8/27 2:38
ads_archive_phone_loc_o_his_0,2025/8/27 2:28,2025/8/27 2:42,2025/8/27 2:29,FINISH,735509,2025/8/27 2:41
dws_archive_web_theme_info,2025/8/27 2:28,2025/8/27 2:41,2025/8/27 2:29,FINISH,669604,2025/8/27 2:40
dwd_archive_vpn_url,2025/8/27 2:29,2025/8/27 2:39,2025/8/27 2:30,FINISH,535533,2025/8/27 2:39
dws_archive_connection_day,2025/8/27 2:29,2025/8/27 2:40,2025/8/27 2:30,FINISH,557018,2025/8/27 2:39
dws_t_protocol_stats_h,2025/8/27 2:29,2025/8/27 2:49,2025/8/27 2:31,FINISH,1047966,2025/8/27 2:48
ads_archive_tag_stat_nf1,2025/8/27 2:30,2025/8/27 2:44,2025/8/27 2:31,FINISH,801683,2025/8/27 2:44
ads_basic_mobile_radius_info,2025/8/27 2:30,2025/8/27 2:43,2025/8/27 2:31,FINISH,668612,2025/8/27 2:42
dws_archive_block_daily,2025/8/27 2:31,2025/8/27 2:41,2025/8/27 2:32,FINISH,498634,2025/8/27 2:40
dws_archive_nf_info_hour,2025/8/27 2:31,2025/8/27 2:43,2025/8/27 2:32,FINISH,674940,2025/8/27 2:43
dws_archive_radius_vir_hour,2025/8/27 2:34,2025/8/27 2:43,2025/8/27 2:36,FINISH,443328,2025/8/27 2:43
ads_archive_email_statistics,2025/8/27 2:35,2025/8/27 2:48,2025/8/27 2:36,FINISH,670355,2025/8/27 2:47
ads_stats_behavior_h_top,2025/8/27 2:37,2025/8/27 2:45,2025/8/27 2:38,FINISH,440580,2025/8/27 2:45
dws_archive_radius_app_hour,2025/8/27 2:37,2025/8/27 2:45,2025/8/27 2:38,FINISH,445762,2025/8/27 2:45
ads_archive_radius_statistics,2025/8/27 2:39,2025/8/27 2:49,2025/8/27 2:40,FINISH,576773,2025/8/27 2:49
dws_archive_call_behavior_day,2025/8/27 2:39,2025/8/27 2:47,2025/8/27 2:40,FINISH,441381,2025/8/27 2:47
dws_archive_attach_day,2025/8/27 2:39,2025/8/27 2:48,2025/8/27 2:40,FINISH,439437,2025/8/27 2:48
dws_archive_app_behavior_hour,2025/8/27 2:40,2025/8/27 2:48,2025/8/27 2:41,FINISH,441062,2025/8/27 2:48
ads_stats_behavior_d_top,2025/8/27 2:40,2025/8/27 2:48,2025/8/27 2:41,FINISH,442270,2025/8/27 2:48
dws_archive_radius_be_hour,2025/8/27 2:41,2025/8/27 2:49,2025/8/27 2:42,FINISH,439799,2025/8/27 2:49
dws_archive_call_app_hour,2025/8/27 2:41,2025/8/27 2:51,2025/8/27 2:42,FINISH,536415,2025/8/27 2:51
ads_archive_web_imp_target,2025/8/27 2:41,2025/8/27 2:50,2025/8/27 2:42,FINISH,453500,2025/8/27 2:50
ads_archive_tag_stat_mobile,2025/8/27 2:42,2025/8/27 2:55,2025/8/27 2:43,FINISH,721188,2025/8/27 2:55
ads_archive_app_behavior_daily,2025/8/27 2:42,2025/8/27 2:51,2025/8/27 2:43,FINISH,518203,2025/8/27 2:51
ads_archive_phone_loc_m_his_1,2025/8/27 2:43,2025/8/27 3:08,2025/8/27 2:44,FINISH,1460707,2025/8/27 3:08
ads_archive_phone_loc_d_his_1,2025/8/27 2:43,2025/8/27 3:01,2025/8/27 2:44,FINISH,1029738,2025/8/27 3:01
dws_archive_call_behavior_hour,2025/8/27 2:43,2025/8/27 2:53,2025/8/27 2:44,FINISH,556706,2025/8/27 2:53
ads_archive_web_statistics,2025/8/27 2:43,2025/8/27 2:52,2025/8/27 2:44,FINISH,439785,2025/8/27 2:52
ads_archive_app_imp_target,2025/8/27 2:44,2025/8/27 2:52,2025/8/27 2:45,FINISH,438475,2025/8/27 2:52
dws_archive_call_virtual_hour,2025/8/27 2:45,2025/8/27 2:53,2025/8/27 2:46,FINISH,430707,2025/8/27 2:53
ads_archive_web_ip_daily,2025/8/27 2:45,2025/8/27 2:53,2025/8/27 2:46,FINISH,405701,2025/8/27 2:53
ads_archive_app_ip_daily,2025/8/27 2:46,2025/8/27 2:53,2025/8/27 2:47,FINISH,394486,2025/8/27 2:53
ads_archive_call_statistics,2025/8/27 2:47,2025/8/27 2:56,2025/8/27 2:48,FINISH,484749,2025/8/27 2:56
dws_archive_web_behavior_hour,2025/8/27 2:47,2025/8/27 2:54,2025/8/27 2:48,FINISH,357413,2025/8/27 2:54
ads_archive_app_statistics,2025/8/27 2:48,2025/8/27 2:55,2025/8/27 2:49,FINISH,354074,2025/8/27 2:54
ads_archive_web_behavior_daily,2025/8/27 2:49,2025/8/27 2:56,2025/8/27 2:50,FINISH,329374,2025/8/27 2:56
ads_report_domain_flux_time,2025/8/27 2:50,2025/8/27 3:17,2025/8/27 2:51,FINISH,1581073,2025/8/27 3:17
ads_stats_detail_h,2025/8/27 2:50,2025/8/27 2:56,2025/8/27 2:51,FINISH,292364,2025/8/27 2:55
ads_report_domain_flux_top,2025/8/27 2:55,2025/8/27 3:00,2025/8/27 2:55,FINISH,278566,2025/8/27 3:00
ads_report_domain_time_top,2025/8/27 2:58,2025/8/27 3:02,2025/8/27 2:58,FINISH,232254,2025/8/27 3:02
ads_archive_phone_loc_o_his_1,2025/8/27 2:58,2025/8/27 3:04,2025/8/27 2:58,FINISH,310624,2025/8/27 3:03
dws_report_flux,2025/8/27 3:00,2025/8/27 3:37,2025/8/27 3:00,FINISH,2179748,2025/8/27 3:36
ads_basic_imsi_phone,2025/8/27 3:00,2025/8/27 3:07,2025/8/27 3:00,FINISH,398984,2025/8/27 3:07
dws_element_virtual_stat,2025/8/27 3:02,2025/8/27 3:07,2025/8/27 3:02,FINISH,281366,2025/8/27 3:07
dws_archive_bank_info,2025/8/27 3:06,2025/8/27 3:10,2025/8/27 3:06,FINISH,236369,2025/8/27 3:10
dwd_archive_fax,2025/8/27 3:06,2025/8/27 3:10,2025/8/27 3:06,FINISH,230563,2025/8/27 3:10
dwd_archive_others_lis,2025/8/27 3:06,2025/8/27 3:19,2025/8/27 3:07,FINISH,743719,2025/8/27 3:19
dws_element_virtual_region_d,2025/8/27 3:07,2025/8/27 3:16,2025/8/27 3:07,FINISH,524172,2025/8/27 3:16
dws_e_mobile_radius_info,2025/8/27 3:08,2025/8/27 3:17,2025/8/27 3:08,FINISH,454577,2025/8/27 3:16
dws_e_fixed_radius_info,2025/8/27 3:09,2025/8/27 3:16,2025/8/27 3:09,FINISH,388518,2025/8/27 3:16
dws_t_protocol_stats_d,2025/8/27 3:10,2025/8/27 3:17,2025/8/27 3:10,FINISH,386170,2025/8/27 3:17
dws_t_app_visit_h,2025/8/27 3:10,2025/8/27 3:20,2025/8/27 3:10,FINISH,562226,2025/8/27 3:20
dws_e_fixed_ip_info,2025/8/27 3:10,2025/8/27 3:25,2025/8/27 3:11,FINISH,812021,2025/8/27 3:24
dwd_archive_remote_lis,2025/8/27 3:11,2025/8/27 3:19,2025/8/27 3:11,FINISH,460702,2025/8/27 3:19
dwd_archive_http_lis,2025/8/27 3:11,2025/8/27 3:21,2025/8/27 3:11,FINISH,568229,2025/8/27 3:21
dwd_archive_nf_other_log,2025/8/27 3:11,2025/8/27 3:25,2025/8/27 3:11,FINISH,788117,2025/8/27 3:24
dws_e_custom_user_info,2025/8/27 3:11,2025/8/27 3:27,2025/8/27 3:12,FINISH,846233,2025/8/27 3:27
dwd_archive_call,2025/8/27 3:12,2025/8/27 3:21,2025/8/27 3:12,FINISH,479019,2025/8/27 3:20
dws_archive_email_phone_extrat,2025/8/27 3:12,2025/8/27 3:21,2025/8/27 3:12,FINISH,481038,2025/8/27 3:20
dws_archive_email_behavior,2025/8/27 3:12,2025/8/27 3:24,2025/8/27 3:13,FINISH,688025,2025/8/27 3:24
dws_element_nf_protocol_info_h,2025/8/27 3:12,2025/8/27 3:25,2025/8/27 3:13,FINISH,735450,2025/8/27 3:25
dwd_archive_ftp_lis,2025/8/27 3:13,2025/8/27 3:22,2025/8/27 3:14,FINISH,475102,2025/8/27 3:21
ads_archive_phone_loc_m_his_2,2025/8/27 3:13,2025/8/27 3:31,2025/8/27 3:14,FINISH,1041862,2025/8/27 3:31
dws_archive_email_nickname,2025/8/27 3:13,2025/8/27 3:25,2025/8/27 3:14,FINISH,653865,2025/8/27 3:25
dwd_archive_nf_url,2025/8/27 3:13,2025/8/27 3:26,2025/8/27 3:14,FINISH,704352,2025/8/27 3:25
dws_t_app_blocking_h,2025/8/27 3:13,2025/8/27 3:26,2025/8/27 3:14,FINISH,666094,2025/8/27 3:25
ads_archive_phone_loc_d_his_2,2025/8/27 3:13,2025/8/27 3:35,2025/8/27 3:14,FINISH,1190820,2025/8/27 3:34
dws_archive_block_theme,2025/8/27 3:14,2025/8/27 3:26,2025/8/27 3:15,FINISH,667734,2025/8/27 3:26
dws_archive_radius_theme_info,2025/8/27 3:14,2025/8/27 3:29,2025/8/27 3:15,FINISH,802015,2025/8/27 3:29
dws_element_radius_auth_record,2025/8/27 3:15,2025/8/27 3:33,2025/8/27 3:16,FINISH,958832,2025/8/27 3:32
dws_archive_lis_info_hour,2025/8/27 3:15,2025/8/27 3:33,2025/8/27 3:16,FINISH,1008953,2025/8/27 3:33
dws_archive_connect_info,2025/8/27 3:15,2025/8/27 3:30,2025/8/27 3:16,FINISH,817627,2025/8/27 3:30
dws_archive_email_password,2025/8/27 3:16,2025/8/27 3:26,2025/8/27 3:17,FINISH,537273,2025/8/27 3:26
dwd_archive_tool_lis,2025/8/27 3:16,2025/8/27 3:26,2025/8/27 3:17,FINISH,540574,2025/8/27 3:26
dwd_archive_sms,2025/8/27 3:17,2025/8/27 3:30,2025/8/27 3:18,FINISH,764884,2025/8/27 3:30
dws_archive_im_behavior,2025/8/27 3:17,2025/8/27 3:28,2025/8/27 3:18,FINISH,631282,2025/8/27 3:28
dws_element_phone_region_day,2025/8/27 3:17,2025/8/27 3:30,2025/8/27 3:18,FINISH,700012,2025/8/27 3:29
dws_archive_flight_info,2025/8/27 3:18,2025/8/27 3:28,2025/8/27 3:19,FINISH,533364,2025/8/27 3:27
dws_archive_app_block_hour,2025/8/27 3:18,2025/8/27 3:28,2025/8/27 3:19,FINISH,533963,2025/8/27 3:27
dws_archive_call_internet_info,2025/8/27 3:19,2025/8/27 3:38,2025/8/27 3:20,FINISH,1042297,2025/8/27 3:38
ads_archive_im_statistics,2025/8/27 3:20,2025/8/27 3:31,2025/8/27 3:21,FINISH,610973,2025/8/27 3:31
dws_archive_virtual_target,2025/8/27 3:20,2025/8/27 3:36,2025/8/27 3:21,FINISH,825789,2025/8/27 3:35
ads_base_app_rule,2025/8/27 3:20,2025/8/27 3:35,2025/8/27 3:21,FINISH,752767,2025/8/27 3:33
ads_base_domain_rule,2025/8/27 3:20,2025/8/27 3:42,2025/8/27 3:21,FINISH,1098363,2025/8/27 3:39
dws_archive_attach_info,2025/8/27 3:20,2025/8/27 3:40,2025/8/27 3:21,FINISH,1109100,2025/8/27 3:40
ads_stats_behavior_h,2025/8/27 3:21,2025/8/27 3:32,2025/8/27 3:22,FINISH,636529,2025/8/27 3:32
dws_archive_call_chat_info,2025/8/27 3:21,2025/8/27 3:37,2025/8/27 3:23,FINISH,858005,2025/8/27 3:37
dws_element_domain_region_day,2025/8/27 3:22,2025/8/27 3:32,2025/8/27 3:23,FINISH,522686,2025/8/27 3:31
dws_archive_high_freq_words,2025/8/27 3:22,2025/8/27 3:34,2025/8/27 3:23,FINISH,672651,2025/8/27 3:34
dwd_archive_voip_lis,2025/8/27 3:22,2025/8/27 3:33,2025/8/27 3:23,FINISH,620495,2025/8/27 3:33
dwd_archive_vpn_other_log,2025/8/27 3:23,2025/8/27 3:34,2025/8/27 3:24,FINISH,636505,2025/8/27 3:34
dws_t_app_info,2025/8/27 3:23,2025/8/27 3:35,2025/8/27 3:24,FINISH,675911,2025/8/27 3:35
dws_t_app_visit_h_top,2025/8/27 3:23,2025/8/27 3:35,2025/8/27 3:24,FINISH,647261,2025/8/27 3:35
dws_archive_app_theme_info,2025/8/27 3:24,2025/8/27 3:36,2025/8/27 3:25,FINISH,657121,2025/8/27 3:36
dwd_archive_email_lis,2025/8/27 3:25,2025/8/27 3:36,2025/8/27 3:26,FINISH,635848,2025/8/27 3:36
dwd_archive_im_lis,2025/8/27 3:26,2025/8/27 3:37,2025/8/27 3:27,FINISH,608472,2025/8/27 3:37
dws_archive_vpn_info_hour,2025/8/27 3:26,2025/8/27 3:38,2025/8/27 3:27,FINISH,654836,2025/8/27 3:38
ads_stats_blocking_h,2025/8/27 3:26,2025/8/27 3:38,2025/8/27 3:27,FINISH,623010,2025/8/27 3:38
dwd_archive_vpn_lis,2025/8/27 3:27,2025/8/27 3:38,2025/8/27 3:28,FINISH,610562,2025/8/27 3:38
dws_element_app_region_day,2025/8/27 3:27,2025/8/27 3:40,2025/8/27 3:28,FINISH,700696,2025/8/27 3:39
dws_e_user_group_info,2025/8/27 3:27,2025/8/27 3:42,2025/8/27 3:28,FINISH,841063,2025/8/27 3:42
dws_er_user_ip,2025/8/27 3:27,2025/8/27 3:43,2025/8/27 3:29,FINISH,880778,2025/8/27 3:43
ads_archive_phone_loc_o_his_2,2025/8/27 3:28,2025/8/27 3:41,2025/8/27 3:29,FINISH,690784,2025/8/27 3:40
dws_archive_web_theme_info,2025/8/27 3:28,2025/8/27 3:40,2025/8/27 3:29,FINISH,624163,2025/8/27 3:40
dwd_archive_vpn_url,2025/8/27 3:29,2025/8/27 3:40,2025/8/27 3:30,FINISH,590548,2025/8/27 3:40
dws_t_protocol_stats_h,2025/8/27 3:29,2025/8/27 3:50,2025/8/27 3:30,FINISH,1151600,2025/8/27 3:50
dws_archive_radius_vir_hour,2025/8/27 3:29,2025/8/27 3:39,2025/8/27 3:31,FINISH,481883,2025/8/27 3:39
ads_archive_tag_stat_nf2,2025/8/27 3:30,2025/8/27 3:40,2025/8/27 3:31,FINISH,553856,2025/8/27 3:40
dws_archive_connection_day,2025/8/27 3:30,2025/8/27 3:40,2025/8/27 3:32,FINISH,477167,2025/8/27 3:40
dws_archive_block_daily,2025/8/27 3:31,2025/8/27 3:41,2025/8/27 3:32,FINISH,497574,2025/8/27 3:40
dws_archive_nf_info_hour,2025/8/27 3:31,2025/8/27 3:42,2025/8/27 3:32,FINISH,605296,2025/8/27 3:42
dws_archive_radius_app_hour,2025/8/27 3:32,2025/8/27 3:41,2025/8/27 3:33,FINISH,459562,2025/8/27 3:41
ads_archive_radius_statistics,2025/8/27 3:34,2025/8/27 3:48,2025/8/27 3:36,FINISH,724452,2025/8/27 3:48
ads_archive_email_statistics,2025/8/27 3:35,2025/8/27 3:51,2025/8/27 3:36,FINISH,855961,2025/8/27 3:50
ads_stats_behavior_h_top,2025/8/27 3:35,2025/8/27 3:44,2025/8/27 3:36,FINISH,435556,2025/8/27 3:44
dwd_archive_nf_other_log_day,2025/8/27 3:37,2025/8/27 3:46,2025/8/27 3:38,FINISH,447330,2025/8/27 3:45
dws_archive_radius_be_hour,2025/8/27 3:37,2025/8/27 3:45,2025/8/27 3:38,FINISH,425822,2025/8/27 3:45
dws_archive_app_behavior_hour,2025/8/27 3:37,2025/8/27 3:46,2025/8/27 3:38,FINISH,443356,2025/8/27 3:45
dws_archive_call_behavior_day,2025/8/27 3:38,2025/8/27 3:47,2025/8/27 3:39,FINISH,454403,2025/8/27 3:47
ads_archive_app_behavior_daily,2025/8/27 3:39,2025/8/27 3:48,2025/8/27 3:40,FINISH,476856,2025/8/27 3:48
dws_archive_call_app_hour,2025/8/27 3:40,2025/8/27 3:49,2025/8/27 3:41,FINISH,443640,2025/8/27 3:48
ads_archive_web_imp_target,2025/8/27 3:40,2025/8/27 3:49,2025/8/27 3:41,FINISH,456095,2025/8/27 3:49
dws_archive_attach_day,2025/8/27 3:41,2025/8/27 3:49,2025/8/27 3:41,FINISH,449651,2025/8/27 3:49
ads_archive_app_imp_target,2025/8/27 3:41,2025/8/27 3:49,2025/8/27 3:42,FINISH,421537,2025/8/27 3:49
ads_archive_tag_stat_phone,2025/8/27 3:42,2025/8/27 3:59,2025/8/27 3:43,FINISH,906092,2025/8/27 3:58
dws_archive_call_behavior_hour,2025/8/27 3:42,2025/8/27 3:52,2025/8/27 3:43,FINISH,562684,2025/8/27 3:52
ads_archive_web_statistics,2025/8/27 3:42,2025/8/27 3:51,2025/8/27 3:43,FINISH,435523,2025/8/27 3:50
ads_archive_phone_loc_m_his_3,2025/8/27 3:43,2025/8/27 3:59,2025/8/27 3:43,FINISH,914997,2025/8/27 3:59
ads_archive_phone_loc_d_his_3,2025/8/27 3:43,2025/8/27 4:05,2025/8/27 3:43,FINISH,1243814,2025/8/27 4:04
ads_archive_app_ip_daily,2025/8/27 3:43,2025/8/27 3:51,2025/8/27 3:44,FINISH,407714,2025/8/27 3:51
dws_archive_call_virtual_hour,2025/8/27 3:44,2025/8/27 3:51,2025/8/27 3:45,FINISH,388480,2025/8/27 3:51
ads_archive_web_ip_daily,2025/8/27 3:44,2025/8/27 3:52,2025/8/27 3:45,FINISH,402608,2025/8/27 3:52
ads_archive_app_statistics,2025/8/27 3:45,2025/8/27 3:52,2025/8/27 3:46,FINISH,368207,2025/8/27 3:52
ads_archive_call_statistics,2025/8/27 3:46,2025/8/27 3:55,2025/8/27 3:47,FINISH,493823,2025/8/27 3:55
dws_archive_web_behavior_hour,2025/8/27 3:46,2025/8/27 3:53,2025/8/27 3:47,FINISH,347181,2025/8/27 3:53
ads_archive_web_behavior_daily,2025/8/27 3:48,2025/8/27 3:54,2025/8/27 3:49,FINISH,294608,2025/8/27 3:54
ads_stats_detail_h,2025/8/27 3:51,2025/8/27 3:55,2025/8/27 3:51,FINISH,211308,2025/8/27 3:55
ads_report_time_top,2025/8/27 3:55,2025/8/27 4:05,2025/8/27 3:55,FINISH,616382,2025/8/27 4:05
ads_archive_phone_loc_o_his_3,2025/8/27 3:58,2025/8/27 4:03,2025/8/27 3:58,FINISH,292572,2025/8/27 4:03
ads_report_flux_time,2025/8/27 4:00,2025/8/27 4:49,2025/8/27 4:00,FINISH,2909111,2025/8/27 4:49
ads_archive_tag_stat_nf3,2025/8/27 4:00,2025/8/27 4:10,2025/8/27 4:00,FINISH,581616,2025/8/27 4:10
dws_element_virtual_stat,2025/8/27 4:02,2025/8/27 4:07,2025/8/27 4:02,FINISH,309046,2025/8/27 4:07
ads_report_flux_top,2025/8/27 4:03,2025/8/27 4:11,2025/8/27 4:03,FINISH,498193,2025/8/27 4:11
dwd_archive_fax,2025/8/27 4:06,2025/8/27 4:10,2025/8/27 4:06,FINISH,224126,2025/8/27 4:10
dws_archive_bank_info,2025/8/27 4:06,2025/8/27 4:10,2025/8/27 4:06,FINISH,231692,2025/8/27 4:10
dwd_archive_others_lis,2025/8/27 4:06,2025/8/27 4:18,2025/8/27 4:07,FINISH,699557,2025/8/27 4:18
dws_element_virtual_region_d,2025/8/27 4:07,2025/8/27 4:16,2025/8/27 4:07,FINISH,504731,2025/8/27 4:16
dws_e_mobile_radius_info,2025/8/27 4:08,2025/8/27 4:17,2025/8/27 4:08,FINISH,472182,2025/8/27 4:16
dws_e_fixed_radius_info,2025/8/27 4:09,2025/8/27 4:17,2025/8/27 4:10,FINISH,420925,2025/8/27 4:17
dws_t_app_visit_h,2025/8/27 4:10,2025/8/27 4:22,2025/8/27 4:10,FINISH,702823,2025/8/27 4:22
dws_e_fixed_ip_info,2025/8/27 4:10,2025/8/27 4:21,2025/8/27 4:11,FINISH,575765,2025/8/27 4:20
dwd_archive_remote_lis,2025/8/27 4:11,2025/8/27 4:19,2025/8/27 4:11,FINISH,460790,2025/8/27 4:19
dwd_archive_http_lis,2025/8/27 4:11,2025/8/27 4:21,2025/8/27 4:11,FINISH,555802,2025/8/27 4:21
dwd_archive_nf_other_log,2025/8/27 4:11,2025/8/27 4:24,2025/8/27 4:11,FINISH,752689,2025/8/27 4:24
dws_e_custom_user_info,2025/8/27 4:11,2025/8/27 4:25,2025/8/27 4:12,FINISH,777573,2025/8/27 4:25
dws_archive_email_phone_extrat,2025/8/27 4:12,2025/8/27 4:21,2025/8/27 4:12,FINISH,489244,2025/8/27 4:21
dwd_archive_call,2025/8/27 4:12,2025/8/27 4:20,2025/8/27 4:12,FINISH,477476,2025/8/27 4:20
dws_archive_email_behavior,2025/8/27 4:12,2025/8/27 4:26,2025/8/27 4:13,FINISH,823827,2025/8/27 4:26
dws_element_nf_protocol_info_h,2025/8/27 4:12,2025/8/27 4:26,2025/8/27 4:13,FINISH,791407,2025/8/27 4:26
dwd_archive_ftp_lis,2025/8/27 4:13,2025/8/27 4:22,2025/8/27 4:14,FINISH,493131,2025/8/27 4:22
ads_archive_phone_loc_m_his_4,2025/8/27 4:13,2025/8/27 4:29,2025/8/27 4:14,FINISH,843082,2025/8/27 4:28
dws_archive_email_nickname,2025/8/27 4:13,2025/8/27 4:24,2025/8/27 4:14,FINISH,626075,2025/8/27 4:24
dwd_archive_nf_url,2025/8/27 4:13,2025/8/27 4:25,2025/8/27 4:14,FINISH,702690,2025/8/27 4:25
dws_t_app_blocking_h,2025/8/27 4:13,2025/8/27 4:28,2025/8/27 4:14,FINISH,798663,2025/8/27 4:27
ads_archive_phone_loc_d_his_4,2025/8/27 4:13,2025/8/27 4:35,2025/8/27 4:14,FINISH,1196201,2025/8/27 4:34
dws_archive_block_theme,2025/8/27 4:14,2025/8/27 4:26,2025/8/27 4:15,FINISH,657523,2025/8/27 4:26
dws_archive_radius_theme_info,2025/8/27 4:14,2025/8/27 4:30,2025/8/27 4:15,FINISH,907133,2025/8/27 4:30
dws_element_radius_auth_record,2025/8/27 4:15,2025/8/27 4:30,2025/8/27 4:16,FINISH,826238,2025/8/27 4:30
dws_archive_lis_info_hour,2025/8/27 4:15,2025/8/27 4:30,2025/8/27 4:16,FINISH,873125,2025/8/27 4:30
dws_archive_connect_info,2025/8/27 4:15,2025/8/27 4:29,2025/8/27 4:16,FINISH,797940,2025/8/27 4:29
dwd_archive_tool_lis,2025/8/27 4:16,2025/8/27 4:25,2025/8/27 4:17,FINISH,505923,2025/8/27 4:25
dws_archive_email_password,2025/8/27 4:16,2025/8/27 4:25,2025/8/27 4:17,FINISH,474429,2025/8/27 4:24
dws_archive_im_behavior,2025/8/27 4:17,2025/8/27 4:28,2025/8/27 4:18,FINISH,600683,2025/8/27 4:28
dwd_archive_sms,2025/8/27 4:17,2025/8/27 4:26,2025/8/27 4:18,FINISH,509877,2025/8/27 4:26
dws_element_phone_region_day,2025/8/27 4:17,2025/8/27 4:32,2025/8/27 4:18,FINISH,818768,2025/8/27 4:31
dws_archive_app_block_hour,2025/8/27 4:18,2025/8/27 4:28,2025/8/27 4:19,FINISH,564873,2025/8/27 4:28
dws_archive_flight_info,2025/8/27 4:18,2025/8/27 4:27,2025/8/27 4:19,FINISH,480482,2025/8/27 4:27
dws_archive_call_internet_info,2025/8/27 4:19,2025/8/27 4:37,2025/8/27 4:20,FINISH,984244,2025/8/27 4:37
ads_archive_im_statistics,2025/8/27 4:20,2025/8/27 4:31,2025/8/27 4:21,FINISH,611961,2025/8/27 4:31
dws_archive_virtual_target,2025/8/27 4:20,2025/8/27 4:32,2025/8/27 4:21,FINISH,632643,2025/8/27 4:31
dws_archive_attach_info,2025/8/27 4:20,2025/8/27 4:36,2025/8/27 4:21,FINISH,850921,2025/8/27 4:35
dws_archive_call_chat_info,2025/8/27 4:21,2025/8/27 4:34,2025/8/27 4:23,FINISH,639355,2025/8/27 4:33
dwd_archive_voip_lis,2025/8/27 4:22,2025/8/27 4:32,2025/8/27 4:23,FINISH,574447,2025/8/27 4:32
dws_element_domain_region_day,2025/8/27 4:22,2025/8/27 4:31,2025/8/27 4:23,FINISH,518906,2025/8/27 4:31
dws_archive_high_freq_words,2025/8/27 4:22,2025/8/27 4:31,2025/8/27 4:23,FINISH,509550,2025/8/27 4:31
dwd_archive_vpn_other_log,2025/8/27 4:23,2025/8/27 4:32,2025/8/27 4:24,FINISH,504111,2025/8/27 4:32
dws_t_app_info,2025/8/27 4:23,2025/8/27 4:35,2025/8/27 4:24,FINISH,641898,2025/8/27 4:34
ads_stats_behavior_h,2025/8/27 4:23,2025/8/27 4:32,2025/8/27 4:24,FINISH,497533,2025/8/27 4:32
dws_archive_app_theme_info,2025/8/27 4:24,2025/8/27 4:36,2025/8/27 4:25,FINISH,671693,2025/8/27 4:36
dwd_archive_email_lis,2025/8/27 4:25,2025/8/27 4:35,2025/8/27 4:26,FINISH,567342,2025/8/27 4:35
dws_t_app_visit_h_top,2025/8/27 4:25,2025/8/27 4:35,2025/8/27 4:26,FINISH,506332,2025/8/27 4:35
dwd_archive_im_lis,2025/8/27 4:26,2025/8/27 4:36,2025/8/27 4:27,FINISH,553030,2025/8/27 4:36
dws_archive_vpn_info_hour,2025/8/27 4:26,2025/8/27 4:37,2025/8/27 4:27,FINISH,612259,2025/8/27 4:37
dws_er_user_ip,2025/8/27 4:26,2025/8/27 4:41,2025/8/27 4:27,FINISH,790693,2025/8/27 4:41
dwd_archive_vpn_lis,2025/8/27 4:27,2025/8/27 4:36,2025/8/27 4:28,FINISH,487264,2025/8/27 4:36
dws_element_app_region_day,2025/8/27 4:27,2025/8/27 4:39,2025/8/27 4:28,FINISH,645166,2025/8/27 4:38
dws_e_user_group_info,2025/8/27 4:27,2025/8/27 4:39,2025/8/27 4:28,FINISH,676725,2025/8/27 4:39
ads_archive_phone_loc_o_his_4,2025/8/27 4:28,2025/8/27 4:40,2025/8/27 4:29,FINISH,594378,2025/8/27 4:39
dws_archive_web_theme_info,2025/8/27 4:28,2025/8/27 4:39,2025/8/27 4:29,FINISH,605468,2025/8/27 4:39
ads_stats_blocking_h,2025/8/27 4:28,2025/8/27 4:38,2025/8/27 4:30,FINISH,487941,2025/8/27 4:38
dwd_archive_vpn_url,2025/8/27 4:29,2025/8/27 4:39,2025/8/27 4:30,FINISH,502277,2025/8/27 4:38
dws_t_protocol_stats_h,2025/8/27 4:29,2025/8/27 4:50,2025/8/27 4:30,FINISH,1177711,2025/8/27 4:50
ads_archive_tag_stat_nf4,2025/8/27 4:30,2025/8/27 4:46,2025/8/27 4:31,FINISH,860702,2025/8/27 4:45
dws_archive_connection_day,2025/8/27 4:30,2025/8/27 4:40,2025/8/27 4:31,FINISH,491590,2025/8/27 4:39
dws_archive_block_daily,2025/8/27 4:31,2025/8/27 4:40,2025/8/27 4:32,FINISH,476901,2025/8/27 4:40
dws_archive_nf_info_hour,2025/8/27 4:31,2025/8/27 4:41,2025/8/27 4:32,FINISH,573495,2025/8/27 4:41
dws_archive_radius_vir_hour,2025/8/27 4:31,2025/8/27 4:40,2025/8/27 4:32,FINISH,465150,2025/8/27 4:40
dws_archive_radius_app_hour,2025/8/27 4:33,2025/8/27 4:42,2025/8/27 4:34,FINISH,462711,2025/8/27 4:42
dws_archive_call_behavior_day,2025/8/27 4:34,2025/8/27 4:43,2025/8/27 4:35,FINISH,461032,2025/8/27 4:43
ads_archive_email_statistics,2025/8/27 4:35,2025/8/27 4:49,2025/8/27 4:36,FINISH,766383,2025/8/27 4:49
ads_stats_behavior_h_top,2025/8/27 4:35,2025/8/27 4:44,2025/8/27 4:36,FINISH,442373,2025/8/27 4:44
ads_archive_radius_statistics,2025/8/27 4:35,2025/8/27 4:48,2025/8/27 4:37,FINISH,661431,2025/8/27 4:48
dws_archive_attach_day,2025/8/27 4:36,2025/8/27 4:45,2025/8/27 4:37,FINISH,426016,2025/8/27 4:45
dws_archive_app_behavior_hour,2025/8/27 4:37,2025/8/27 4:45,2025/8/27 4:38,FINISH,444112,2025/8/27 4:45
dws_archive_call_app_hour,2025/8/27 4:37,2025/8/27 4:46,2025/8/27 4:38,FINISH,440111,2025/8/27 4:46
dws_archive_radius_be_hour,2025/8/27 4:38,2025/8/27 4:46,2025/8/27 4:39,FINISH,438335,2025/8/27 4:46
ads_archive_app_behavior_daily,2025/8/27 4:39,2025/8/27 4:48,2025/8/27 4:40,FINISH,448320,2025/8/27 4:47
dws_archive_call_behavior_hour,2025/8/27 4:39,2025/8/27 4:50,2025/8/27 4:41,FINISH,537309,2025/8/27 4:49
ads_archive_web_imp_target,2025/8/27 4:40,2025/8/27 4:48,2025/8/27 4:41,FINISH,421839,2025/8/27 4:48
ads_archive_app_imp_target,2025/8/27 4:41,2025/8/27 4:49,2025/8/27 4:42,FINISH,428969,2025/8/27 4:49
dws_archive_call_virtual_hour,2025/8/27 4:41,2025/8/27 4:49,2025/8/27 4:42,FINISH,415038,2025/8/27 4:49
ads_archive_tag_stat_pr_email,2025/8/27 4:42,2025/8/27 4:55,2025/8/27 4:43,FINISH,634011,2025/8/27 4:53
ads_archive_web_statistics,2025/8/27 4:42,2025/8/27 4:49,2025/8/27 4:43,FINISH,397466,2025/8/27 4:49
ads_archive_app_ip_daily,2025/8/27 4:43,2025/8/27 4:50,2025/8/27 4:44,FINISH,385873,2025/8/27 4:50
ads_archive_call_statistics,2025/8/27 4:43,2025/8/27 4:53,2025/8/27 4:45,FINISH,499198,2025/8/27 4:53
ads_archive_web_ip_daily,2025/8/27 4:44,2025/8/27 4:51,2025/8/27 4:45,FINISH,354909,2025/8/27 4:50
ads_archive_app_statistics,2025/8/27 4:45,2025/8/27 4:52,2025/8/27 4:46,FINISH,343258,2025/8/27 4:51
dws_archive_web_behavior_hour,2025/8/27 4:46,2025/8/27 4:52,2025/8/27 4:46,FINISH,317392,2025/8/27 4:52
ads_archive_web_behavior_daily,2025/8/27 4:47,2025/8/27 4:53,2025/8/27 4:48,FINISH,262163,2025/8/27 4:53
ads_stats_detail_h,2025/8/27 4:51,2025/8/27 4:55,2025/8/27 4:51,FINISH,197249,2025/8/27 4:55
dws_owner_info_analyze,2025/8/27 5:00,2025/8/27 5:05,2025/8/27 5:00,FINISH,250275,2025/8/27 5:04
dws_element_virtual_stat,2025/8/27 5:02,2025/8/27 5:07,2025/8/27 5:02,FINISH,269881,2025/8/27 5:07
dws_archive_bank_info,2025/8/27 5:06,2025/8/27 5:10,2025/8/27 5:06,FINISH,215662,2025/8/27 5:10
dwd_archive_fax,2025/8/27 5:06,2025/8/27 5:09,2025/8/27 5:06,FINISH,192046,2025/8/27 5:09
dwd_archive_others_lis,2025/8/27 5:06,2025/8/27 5:15,2025/8/27 5:07,FINISH,510607,2025/8/27 5:15
dws_element_virtual_region_d,2025/8/27 5:07,2025/8/27 5:17,2025/8/27 5:07,FINISH,559905,2025/8/27 5:16
dws_e_mobile_radius_info,2025/8/27 5:08,2025/8/27 5:17,2025/8/27 5:08,FINISH,499019,2025/8/27 5:17
dws_e_fixed_radius_info,2025/8/27 5:09,2025/8/27 5:15,2025/8/27 5:09,FINISH,328674,2025/8/27 5:15
dws_t_app_visit_h,2025/8/27 5:10,2025/8/27 5:20,2025/8/27 5:10,FINISH,564645,2025/8/27 5:20
dws_e_fixed_ip_info,2025/8/27 5:10,2025/8/27 5:20,2025/8/27 5:10,FINISH,548142,2025/8/27 5:20
dwd_archive_remote_lis,2025/8/27 5:11,2025/8/27 5:18,2025/8/27 5:11,FINISH,406692,2025/8/27 5:18
dwd_archive_http_lis,2025/8/27 5:11,2025/8/27 5:18,2025/8/27 5:11,FINISH,425482,2025/8/27 5:18
dwd_archive_nf_other_log,2025/8/27 5:11,2025/8/27 5:23,2025/8/27 5:11,FINISH,690366,2025/8/27 5:23
dws_e_custom_user_info,2025/8/27 5:11,2025/8/27 5:22,2025/8/27 5:12,FINISH,605542,2025/8/27 5:22
dwd_archive_call,2025/8/27 5:12,2025/8/27 5:20,2025/8/27 5:12,FINISH,459972,2025/8/27 5:20
dws_archive_email_phone_extrat,2025/8/27 5:12,2025/8/27 5:22,2025/8/27 5:12,FINISH,558492,2025/8/27 5:22
dws_archive_email_behavior,2025/8/27 5:12,2025/8/27 5:23,2025/8/27 5:13,FINISH,615236,2025/8/27 5:23
dws_element_nf_protocol_info_h,2025/8/27 5:12,2025/8/27 5:23,2025/8/27 5:13,FINISH,631562,2025/8/27 5:23
dwd_archive_ftp_lis,2025/8/27 5:13,2025/8/27 5:21,2025/8/27 5:13,FINISH,453492,2025/8/27 5:21
dws_archive_email_nickname,2025/8/27 5:13,2025/8/27 5:23,2025/8/27 5:14,FINISH,539797,2025/8/27 5:23
dwd_archive_nf_url,2025/8/27 5:13,2025/8/27 5:25,2025/8/27 5:14,FINISH,661152,2025/8/27 5:25
dws_t_app_blocking_h,2025/8/27 5:13,2025/8/27 5:27,2025/8/27 5:14,FINISH,776097,2025/8/27 5:27
dws_archive_block_theme,2025/8/27 5:14,2025/8/27 5:25,2025/8/27 5:15,FINISH,626717,2025/8/27 5:25
dws_archive_radius_theme_info,2025/8/27 5:14,2025/8/27 5:30,2025/8/27 5:15,FINISH,879063,2025/8/27 5:30
dws_element_radius_auth_record,2025/8/27 5:15,2025/8/27 5:27,2025/8/27 5:16,FINISH,657913,2025/8/27 5:27
dws_archive_lis_info_hour,2025/8/27 5:15,2025/8/27 5:30,2025/8/27 5:16,FINISH,826875,2025/8/27 5:30
dws_archive_connect_info,2025/8/27 5:15,2025/8/27 5:26,2025/8/27 5:16,FINISH,594775,2025/8/27 5:26
dwd_archive_tool_lis,2025/8/27 5:16,2025/8/27 5:24,2025/8/27 5:17,FINISH,466679,2025/8/27 5:24
dws_archive_email_password,2025/8/27 5:16,2025/8/27 5:24,2025/8/27 5:17,FINISH,459539,2025/8/27 5:24
dwd_archive_sms,2025/8/27 5:17,2025/8/27 5:26,2025/8/27 5:18,FINISH,492793,2025/8/27 5:26
dws_archive_im_behavior,2025/8/27 5:17,2025/8/27 5:26,2025/8/27 5:18,FINISH,494382,2025/8/27 5:26
dws_element_phone_region_day,2025/8/27 5:17,2025/8/27 5:29,2025/8/27 5:18,FINISH,668266,2025/8/27 5:29
dws_archive_flight_info,2025/8/27 5:18,2025/8/27 5:27,2025/8/27 5:19,FINISH,478125,2025/8/27 5:27
dws_archive_app_block_hour,2025/8/27 5:18,2025/8/27 5:27,2025/8/27 5:19,FINISH,467820,2025/8/27 5:26
dws_archive_call_internet_info,2025/8/27 5:19,2025/8/27 5:36,2025/8/27 5:20,FINISH,918760,2025/8/27 5:35
ads_archive_im_statistics,2025/8/27 5:20,2025/8/27 5:31,2025/8/27 5:21,FINISH,600440,2025/8/27 5:31
dws_archive_virtual_target,2025/8/27 5:20,2025/8/27 5:32,2025/8/27 5:21,FINISH,619225,2025/8/27 5:31
dws_archive_attach_info,2025/8/27 5:20,2025/8/27 5:32,2025/8/27 5:21,FINISH,657986,2025/8/27 5:32
ads_stats_behavior_h,2025/8/27 5:20,2025/8/27 5:30,2025/8/27 5:22,FINISH,501146,2025/8/27 5:30
dws_archive_call_chat_info,2025/8/27 5:21,2025/8/27 5:33,2025/8/27 5:23,FINISH,589866,2025/8/27 5:32
dwd_archive_voip_lis,2025/8/27 5:22,2025/8/27 5:30,2025/8/27 5:23,FINISH,434941,2025/8/27 5:30
dws_element_domain_region_day,2025/8/27 5:22,2025/8/27 5:31,2025/8/27 5:23,FINISH,467742,2025/8/27 5:30
dws_archive_high_freq_words,2025/8/27 5:22,2025/8/27 5:31,2025/8/27 5:23,FINISH,485538,2025/8/27 5:31
dwd_archive_vpn_other_log,2025/8/27 5:23,2025/8/27 5:33,2025/8/27 5:24,FINISH,565520,2025/8/27 5:33
dws_t_app_info,2025/8/27 5:23,2025/8/27 5:34,2025/8/27 5:24,FINISH,588348,2025/8/27 5:34
dws_t_app_visit_h_top,2025/8/27 5:23,2025/8/27 5:32,2025/8/27 5:24,FINISH,469763,2025/8/27 5:32
dws_er_user_ip,2025/8/27 5:23,2025/8/27 5:35,2025/8/27 5:24,FINISH,672381,2025/8/27 5:35
dws_archive_app_theme_info,2025/8/27 5:24,2025/8/27 5:36,2025/8/27 5:25,FINISH,673626,2025/8/27 5:36
dwd_archive_email_lis,2025/8/27 5:25,2025/8/27 5:34,2025/8/27 5:26,FINISH,479724,2025/8/27 5:34
dwd_archive_im_lis,2025/8/27 5:26,2025/8/27 5:34,2025/8/27 5:27,FINISH,450827,2025/8/27 5:34
dws_archive_vpn_info_hour,2025/8/27 5:26,2025/8/27 5:37,2025/8/27 5:27,FINISH,594390,2025/8/27 5:37
dwd_archive_vpn_lis,2025/8/27 5:27,2025/8/27 5:35,2025/8/27 5:28,FINISH,446181,2025/8/27 5:35
dws_element_app_region_day,2025/8/27 5:27,2025/8/27 5:38,2025/8/27 5:28,FINISH,610694,2025/8/27 5:38
dws_e_user_group_info,2025/8/27 5:27,2025/8/27 5:38,2025/8/27 5:28,FINISH,600911,2025/8/27 5:38
dws_archive_connection_day,2025/8/27 5:27,2025/8/27 5:36,2025/8/27 5:28,FINISH,458037,2025/8/27 5:35
ads_stats_blocking_h,2025/8/27 5:28,2025/8/27 5:36,2025/8/27 5:29,FINISH,440609,2025/8/27 5:36
dws_archive_web_theme_info,2025/8/27 5:28,2025/8/27 5:39,2025/8/27 5:29,FINISH,565628,2025/8/27 5:38
dwd_archive_vpn_url,2025/8/27 5:29,2025/8/27 5:37,2025/8/27 5:30,FINISH,437698,2025/8/27 5:37
dws_t_protocol_stats_h,2025/8/27 5:29,2025/8/27 5:47,2025/8/27 5:30,FINISH,995004,2025/8/27 5:47
dws_archive_radius_vir_hour,2025/8/27 5:30,2025/8/27 5:39,2025/8/27 5:31,FINISH,448777,2025/8/27 5:39
dws_archive_block_daily,2025/8/27 5:31,2025/8/27 5:39,2025/8/27 5:32,FINISH,429944,2025/8/27 5:39
dws_archive_nf_info_hour,2025/8/27 5:31,2025/8/27 5:41,2025/8/27 5:32,FINISH,547639,2025/8/27 5:41
ads_stats_behavior_h_top,2025/8/27 5:32,2025/8/27 5:41,2025/8/27 5:33,FINISH,443987,2025/8/27 5:41
dws_archive_radius_app_hour,2025/8/27 5:32,2025/8/27 5:41,2025/8/27 5:33,FINISH,419162,2025/8/27 5:40
dws_archive_attach_day,2025/8/27 5:33,2025/8/27 5:41,2025/8/27 5:34,FINISH,432270,2025/8/27 5:41
dws_archive_call_behavior_day,2025/8/27 5:33,2025/8/27 5:42,2025/8/27 5:34,FINISH,437719,2025/8/27 5:42
ads_archive_radius_statistics,2025/8/27 5:35,2025/8/27 5:44,2025/8/27 5:36,FINISH,520150,2025/8/27 5:44
ads_archive_email_statistics,2025/8/27 5:35,2025/8/27 5:46,2025/8/27 5:36,FINISH,584390,2025/8/27 5:45
dws_archive_call_app_hour,2025/8/27 5:36,2025/8/27 5:44,2025/8/27 5:37,FINISH,399241,2025/8/27 5:44
dws_archive_radius_be_hour,2025/8/27 5:37,2025/8/27 5:44,2025/8/27 5:38,FINISH,411724,2025/8/27 5:44
dws_archive_app_behavior_hour,2025/8/27 5:37,2025/8/27 5:44,2025/8/27 5:38,FINISH,390557,2025/8/27 5:44
dws_archive_call_behavior_hour,2025/8/27 5:38,2025/8/27 5:49,2025/8/27 5:39,FINISH,598791,2025/8/27 5:49
ads_archive_app_behavior_daily,2025/8/27 5:39,2025/8/27 5:47,2025/8/27 5:39,FINISH,421075,2025/8/27 5:46
ads_archive_web_imp_target,2025/8/27 5:39,2025/8/27 5:46,2025/8/27 5:40,FINISH,372137,2025/8/27 5:46
dws_archive_call_virtual_hour,2025/8/27 5:40,2025/8/27 5:47,2025/8/27 5:41,FINISH,380685,2025/8/27 5:47
ads_archive_app_imp_target,2025/8/27 5:40,2025/8/27 5:47,2025/8/27 5:41,FINISH,361315,2025/8/27 5:47
ads_archive_web_statistics,2025/8/27 5:41,2025/8/27 5:48,2025/8/27 5:42,FINISH,348275,2025/8/27 5:47
ads_archive_call_statistics,2025/8/27 5:42,2025/8/27 5:51,2025/8/27 5:43,FINISH,496425,2025/8/27 5:51
ads_archive_app_ip_daily,2025/8/27 5:42,2025/8/27 5:49,2025/8/27 5:43,FINISH,327361,2025/8/27 5:48
ads_archive_web_ip_daily,2025/8/27 5:42,2025/8/27 5:49,2025/8/27 5:43,FINISH,324061,2025/8/27 5:49
ads_archive_app_statistics,2025/8/27 5:44,2025/8/27 5:50,2025/8/27 5:45,FINISH,286325,2025/8/27 5:49
dws_archive_web_behavior_hour,2025/8/27 5:44,2025/8/27 5:50,2025/8/27 5:45,FINISH,272303,2025/8/27 5:50
ads_archive_web_behavior_daily,2025/8/27 5:46,2025/8/27 5:52,2025/8/27 5:47,FINISH,300927,2025/8/27 5:52
ads_stats_detail_h,2025/8/27 5:48,2025/8/27 5:52,2025/8/27 5:48,FINISH,211711,2025/8/27 5:52
dws_element_virtual_stat,2025/8/27 6:02,2025/8/27 6:07,2025/8/27 6:02,FINISH,270271,2025/8/27 6:07
dws_archive_bank_info,2025/8/27 6:06,2025/8/27 6:10,2025/8/27 6:06,FINISH,237347,2025/8/27 6:10
dwd_archive_fax,2025/8/27 6:06,2025/8/27 6:10,2025/8/27 6:06,FINISH,209755,2025/8/27 6:09
dwd_archive_others_lis,2025/8/27 6:06,2025/8/27 6:20,2025/8/27 6:07,FINISH,781144,2025/8/27 6:20
dws_element_virtual_region_d,2025/8/27 6:07,2025/8/27 6:14,2025/8/27 6:07,FINISH,386974,2025/8/27 6:14
dws_e_mobile_radius_info,2025/8/27 6:08,2025/8/27 6:18,2025/8/27 6:08,FINISH,555807,2025/8/27 6:18
dws_e_fixed_radius_info,2025/8/27 6:09,2025/8/27 6:16,2025/8/27 6:09,FINISH,357736,2025/8/27 6:15
dws_t_app_visit_h,2025/8/27 6:10,2025/8/27 6:20,2025/8/27 6:10,FINISH,573946,2025/8/27 6:20
dws_e_fixed_ip_info,2025/8/27 6:10,2025/8/27 6:21,2025/8/27 6:11,FINISH,573298,2025/8/27 6:20
dwd_archive_remote_lis,2025/8/27 6:11,2025/8/27 6:20,2025/8/27 6:11,FINISH,521278,2025/8/27 6:20
dwd_archive_http_lis,2025/8/27 6:11,2025/8/27 6:21,2025/8/27 6:11,FINISH,546694,2025/8/27 6:20
dwd_archive_nf_other_log,2025/8/27 6:11,2025/8/27 6:25,2025/8/27 6:11,FINISH,794639,2025/8/27 6:25
dws_e_custom_user_info,2025/8/27 6:11,2025/8/27 6:26,2025/8/27 6:12,FINISH,796085,2025/8/27 6:25
dwd_archive_call,2025/8/27 6:12,2025/8/27 6:20,2025/8/27 6:12,FINISH,467657,2025/8/27 6:20
dws_archive_email_phone_extrat,2025/8/27 6:12,2025/8/27 6:20,2025/8/27 6:12,FINISH,460507,2025/8/27 6:20
dws_element_nf_protocol_info_h,2025/8/27 6:12,2025/8/27 6:26,2025/8/27 6:13,FINISH,824987,2025/8/27 6:26
dws_archive_email_behavior,2025/8/27 6:12,2025/8/27 6:24,2025/8/27 6:13,FINISH,653190,2025/8/27 6:23
dwd_archive_ftp_lis,2025/8/27 6:13,2025/8/27 6:21,2025/8/27 6:13,FINISH,466780,2025/8/27 6:21
dws_archive_email_nickname,2025/8/27 6:13,2025/8/27 6:26,2025/8/27 6:14,FINISH,766696,2025/8/27 6:26
dwd_archive_nf_url,2025/8/27 6:13,2025/8/27 6:25,2025/8/27 6:14,FINISH,697405,2025/8/27 6:25
dws_t_app_blocking_h,2025/8/27 6:13,2025/8/27 6:28,2025/8/27 6:14,FINISH,770012,2025/8/27 6:27
dws_archive_block_theme,2025/8/27 6:14,2025/8/27 6:28,2025/8/27 6:15,FINISH,803164,2025/8/27 6:28
dws_archive_radius_theme_info,2025/8/27 6:14,2025/8/27 6:28,2025/8/27 6:15,FINISH,749721,2025/8/27 6:28
dws_element_radius_auth_record,2025/8/27 6:15,2025/8/27 6:30,2025/8/27 6:16,FINISH,819888,2025/8/27 6:29
dws_archive_lis_info_hour,2025/8/27 6:15,2025/8/27 6:30,2025/8/27 6:16,FINISH,854610,2025/8/27 6:30
dws_archive_connect_info,2025/8/27 6:15,2025/8/27 6:27,2025/8/27 6:16,FINISH,638313,2025/8/27 6:27
dws_archive_email_password,2025/8/27 6:16,2025/8/27 6:25,2025/8/27 6:17,FINISH,473738,2025/8/27 6:24
dwd_archive_tool_lis,2025/8/27 6:16,2025/8/27 6:25,2025/8/27 6:17,FINISH,475056,2025/8/27 6:25
dws_archive_im_behavior,2025/8/27 6:17,2025/8/27 6:26,2025/8/27 6:18,FINISH,507538,2025/8/27 6:26
dwd_archive_sms,2025/8/27 6:17,2025/8/27 6:26,2025/8/27 6:18,FINISH,520562,2025/8/27 6:26
dws_element_phone_region_day,2025/8/27 6:17,2025/8/27 6:29,2025/8/27 6:18,FINISH,641621,2025/8/27 6:28
dws_archive_flight_info,2025/8/27 6:18,2025/8/27 6:27,2025/8/27 6:19,FINISH,458622,2025/8/27 6:26
dws_archive_app_block_hour,2025/8/27 6:18,2025/8/27 6:26,2025/8/27 6:19,FINISH,456715,2025/8/27 6:26
dws_archive_call_internet_info,2025/8/27 6:19,2025/8/27 6:33,2025/8/27 6:20,FINISH,752820,2025/8/27 6:33
ads_archive_im_statistics,2025/8/27 6:20,2025/8/27 6:31,2025/8/27 6:21,FINISH,629427,2025/8/27 6:31
dws_archive_virtual_target,2025/8/27 6:20,2025/8/27 6:32,2025/8/27 6:21,FINISH,623874,2025/8/27 6:31
dws_archive_attach_info,2025/8/27 6:20,2025/8/27 6:34,2025/8/27 6:21,FINISH,734422,2025/8/27 6:33
ads_stats_behavior_h,2025/8/27 6:21,2025/8/27 6:30,2025/8/27 6:22,FINISH,493420,2025/8/27 6:30
dws_archive_call_chat_info,2025/8/27 6:21,2025/8/27 6:33,2025/8/27 6:23,FINISH,608601,2025/8/27 6:33
dws_archive_high_freq_words,2025/8/27 6:22,2025/8/27 6:31,2025/8/27 6:23,FINISH,510724,2025/8/27 6:31
dwd_archive_voip_lis,2025/8/27 6:22,2025/8/27 6:30,2025/8/27 6:23,FINISH,451793,2025/8/27 6:30
dws_element_domain_region_day,2025/8/27 6:22,2025/8/27 6:31,2025/8/27 6:23,FINISH,517620,2025/8/27 6:31
dwd_archive_vpn_other_log,2025/8/27 6:23,2025/8/27 6:32,2025/8/27 6:24,FINISH,497769,2025/8/27 6:32
dws_t_app_info,2025/8/27 6:23,2025/8/27 6:37,2025/8/27 6:24,FINISH,768753,2025/8/27 6:36
dws_t_app_visit_h_top,2025/8/27 6:23,2025/8/27 6:32,2025/8/27 6:24,FINISH,489578,2025/8/27 6:32
dws_archive_app_theme_info,2025/8/27 6:24,2025/8/27 6:39,2025/8/27 6:25,FINISH,792026,2025/8/27 6:38
dwd_archive_email_lis,2025/8/27 6:25,2025/8/27 6:34,2025/8/27 6:26,FINISH,480058,2025/8/27 6:34
dwd_archive_im_lis,2025/8/27 6:26,2025/8/27 6:36,2025/8/27 6:27,FINISH,563835,2025/8/27 6:36
dws_archive_vpn_info_hour,2025/8/27 6:26,2025/8/27 6:39,2025/8/27 6:27,FINISH,736804,2025/8/27 6:39
dws_er_user_ip,2025/8/27 6:26,2025/8/27 6:38,2025/8/27 6:28,FINISH,633930,2025/8/27 6:38
dwd_archive_vpn_lis,2025/8/27 6:27,2025/8/27 6:37,2025/8/27 6:28,FINISH,562028,2025/8/27 6:37
dws_e_user_group_info,2025/8/27 6:27,2025/8/27 6:40,2025/8/27 6:28,FINISH,753937,2025/8/27 6:40
dws_element_app_region_day,2025/8/27 6:27,2025/8/27 6:38,2025/8/27 6:28,FINISH,634392,2025/8/27 6:38
dws_archive_connection_day,2025/8/27 6:27,2025/8/27 6:37,2025/8/27 6:29,FINISH,467887,2025/8/27 6:36
dwd_archive_nf_url_day,2025/8/27 6:28,2025/8/27 6:43,2025/8/27 6:29,FINISH,817863,2025/8/27 6:42
dws_archive_web_theme_info,2025/8/27 6:28,2025/8/27 6:39,2025/8/27 6:29,FINISH,584360,2025/8/27 6:39
ads_stats_blocking_h,2025/8/27 6:28,2025/8/27 6:38,2025/8/27 6:29,FINISH,498070,2025/8/27 6:38
dws_archive_radius_vir_hour,2025/8/27 6:28,2025/8/27 6:38,2025/8/27 6:30,FINISH,472167,2025/8/27 6:37
dwd_archive_vpn_url,2025/8/27 6:29,2025/8/27 6:38,2025/8/27 6:30,FINISH,483819,2025/8/27 6:38
dws_t_protocol_stats_h,2025/8/27 6:29,2025/8/27 6:48,2025/8/27 6:31,FINISH,987807,2025/8/27 6:47
dws_archive_block_daily,2025/8/27 6:31,2025/8/27 6:40,2025/8/27 6:32,FINISH,480214,2025/8/27 6:40
dws_archive_nf_info_hour,2025/8/27 6:31,2025/8/27 6:42,2025/8/27 6:32,FINISH,589700,2025/8/27 6:42
dws_archive_radius_app_hour,2025/8/27 6:31,2025/8/27 6:40,2025/8/27 6:32,FINISH,497868,2025/8/27 6:40
ads_stats_behavior_h_top,2025/8/27 6:33,2025/8/27 6:41,2025/8/27 6:34,FINISH,442011,2025/8/27 6:41
ads_archive_radius_statistics,2025/8/27 6:33,2025/8/27 6:43,2025/8/27 6:34,FINISH,538327,2025/8/27 6:43
dws_archive_call_app_hour,2025/8/27 6:34,2025/8/27 6:42,2025/8/27 6:35,FINISH,453298,2025/8/27 6:42
dws_archive_attach_day,2025/8/27 6:34,2025/8/27 6:43,2025/8/27 6:35,FINISH,442790,2025/8/27 6:43
ads_archive_email_statistics,2025/8/27 6:35,2025/8/27 6:47,2025/8/27 6:36,FINISH,612948,2025/8/27 6:46
dws_archive_radius_be_hour,2025/8/27 6:35,2025/8/27 6:43,2025/8/27 6:36,FINISH,420415,2025/8/27 6:43
dws_archive_call_virtual_hour,2025/8/27 6:36,2025/8/27 6:44,2025/8/27 6:37,FINISH,435646,2025/8/27 6:44
dwd_archive_nf_other_log_day,2025/8/27 6:37,2025/8/27 7:06,2025/8/27 6:38,FINISH,1692362,2025/8/27 7:06
dws_archive_call_behavior_day,2025/8/27 6:38,2025/8/27 6:46,2025/8/27 6:39,FINISH,406843,2025/8/27 6:46
dws_archive_app_behavior_hour,2025/8/27 6:39,2025/8/27 6:46,2025/8/27 6:40,FINISH,380496,2025/8/27 6:46
ads_archive_web_imp_target,2025/8/27 6:40,2025/8/27 6:47,2025/8/27 6:41,FINISH,389945,2025/8/27 6:47
dws_archive_call_behavior_hour,2025/8/27 6:40,2025/8/27 6:51,2025/8/27 6:41,FINISH,583624,2025/8/27 6:51
ads_archive_app_behavior_daily,2025/8/27 6:41,2025/8/27 6:49,2025/8/27 6:42,FINISH,409270,2025/8/27 6:49
ads_archive_web_statistics,2025/8/27 6:42,2025/8/27 6:48,2025/8/27 6:43,FINISH,344450,2025/8/27 6:48
ads_archive_call_statistics,2025/8/27 6:42,2025/8/27 6:51,2025/8/27 6:43,FINISH,484791,2025/8/27 6:51
ads_archive_app_imp_target,2025/8/27 6:43,2025/8/27 6:49,2025/8/27 6:44,FINISH,333462,2025/8/27 6:49
ads_archive_web_ip_daily,2025/8/27 6:43,2025/8/27 6:50,2025/8/27 6:44,FINISH,314106,2025/8/27 6:49
ads_archive_app_ip_daily,2025/8/27 6:45,2025/8/27 6:51,2025/8/27 6:45,FINISH,308376,2025/8/27 6:51
dws_archive_web_behavior_hour,2025/8/27 6:45,2025/8/27 6:51,2025/8/27 6:46,FINISH,304429,2025/8/27 6:51
ads_archive_app_statistics,2025/8/27 6:46,2025/8/27 6:52,2025/8/27 6:47,FINISH,272709,2025/8/27 6:52
ads_archive_web_behavior_daily,2025/8/27 6:47,2025/8/27 6:52,2025/8/27 6:47,FINISH,266447,2025/8/27 6:52
ads_stats_detail_h,2025/8/27 6:48,2025/8/27 6:53,2025/8/27 6:49,FINISH,238188,2025/8/27 6:53
dws_element_virtual_stat,2025/8/27 7:02,2025/8/27 7:07,2025/8/27 7:02,FINISH,287054,2025/8/27 7:07
dwd_archive_fax,2025/8/27 7:06,2025/8/27 7:10,2025/8/27 7:06,FINISH,241665,2025/8/27 7:10
dws_archive_bank_info,2025/8/27 7:06,2025/8/27 7:10,2025/8/27 7:06,FINISH,213039,2025/8/27 7:10
dwd_archive_others_lis,2025/8/27 7:06,2025/8/27 7:16,2025/8/27 7:07,FINISH,508657,2025/8/27 7:15
dws_element_virtual_region_d,2025/8/27 7:07,2025/8/27 7:14,2025/8/27 7:07,FINISH,407581,2025/8/27 7:14
dws_e_mobile_radius_info,2025/8/27 7:08,2025/8/27 7:15,2025/8/27 7:08,FINISH,377127,2025/8/27 7:15
dws_e_fixed_radius_info,2025/8/27 7:09,2025/8/27 7:15,2025/8/27 7:09,FINISH,338328,2025/8/27 7:15
dws_t_app_visit_h,2025/8/27 7:10,2025/8/27 7:20,2025/8/27 7:10,FINISH,557438,2025/8/27 7:20
dws_e_fixed_ip_info,2025/8/27 7:10,2025/8/27 7:21,2025/8/27 7:11,FINISH,564975,2025/8/27 7:20
dwd_archive_remote_lis,2025/8/27 7:11,2025/8/27 7:18,2025/8/27 7:11,FINISH,424114,2025/8/27 7:18
dwd_archive_http_lis,2025/8/27 7:11,2025/8/27 7:20,2025/8/27 7:11,FINISH,528734,2025/8/27 7:20
dwd_archive_nf_other_log,2025/8/27 7:11,2025/8/27 7:26,2025/8/27 7:11,FINISH,890195,2025/8/27 7:26
dws_e_custom_user_info,2025/8/27 7:11,2025/8/27 7:23,2025/8/27 7:12,FINISH,645930,2025/8/27 7:23
dws_archive_email_phone_extrat,2025/8/27 7:12,2025/8/27 7:20,2025/8/27 7:12,FINISH,458246,2025/8/27 7:20
dwd_archive_call,2025/8/27 7:12,2025/8/27 7:20,2025/8/27 7:12,FINISH,462716,2025/8/27 7:20
dws_archive_email_behavior,2025/8/27 7:12,2025/8/27 7:26,2025/8/27 7:13,FINISH,784619,2025/8/27 7:26
dws_element_nf_protocol_info_h,2025/8/27 7:12,2025/8/27 7:26,2025/8/27 7:13,FINISH,794557,2025/8/27 7:26
dwd_archive_ftp_lis,2025/8/27 7:13,2025/8/27 7:22,2025/8/27 7:13,FINISH,498245,2025/8/27 7:22
dws_archive_email_nickname,2025/8/27 7:13,2025/8/27 7:24,2025/8/27 7:14,FINISH,598094,2025/8/27 7:23
dwd_archive_nf_url,2025/8/27 7:13,2025/8/27 7:26,2025/8/27 7:14,FINISH,748523,2025/8/27 7:26
dws_t_app_blocking_h,2025/8/27 7:13,2025/8/27 7:26,2025/8/27 7:14,FINISH,654802,2025/8/27 7:25
dws_archive_block_theme,2025/8/27 7:14,2025/8/27 7:25,2025/8/27 7:15,FINISH,640810,2025/8/27 7:25
dws_archive_radius_theme_info,2025/8/27 7:14,2025/8/27 7:32,2025/8/27 7:15,FINISH,978415,2025/8/27 7:31
dws_element_radius_auth_record,2025/8/27 7:15,2025/8/27 7:30,2025/8/27 7:16,FINISH,808498,2025/8/27 7:29
dws_archive_lis_info_hour,2025/8/27 7:15,2025/8/27 7:28,2025/8/27 7:16,FINISH,695474,2025/8/27 7:27
dws_archive_connect_info,2025/8/27 7:15,2025/8/27 7:29,2025/8/27 7:16,FINISH,747679,2025/8/27 7:28
dws_archive_email_password,2025/8/27 7:16,2025/8/27 7:25,2025/8/27 7:17,FINISH,485065,2025/8/27 7:25
dwd_archive_tool_lis,2025/8/27 7:16,2025/8/27 7:25,2025/8/27 7:17,FINISH,476919,2025/8/27 7:25
dwd_archive_sms,2025/8/27 7:17,2025/8/27 7:26,2025/8/27 7:18,FINISH,517362,2025/8/27 7:26
dws_archive_im_behavior,2025/8/27 7:17,2025/8/27 7:26,2025/8/27 7:18,FINISH,486285,2025/8/27 7:26
dws_element_phone_region_day,2025/8/27 7:17,2025/8/27 7:29,2025/8/27 7:18,FINISH,651007,2025/8/27 7:29
dws_archive_app_block_hour,2025/8/27 7:18,2025/8/27 7:27,2025/8/27 7:19,FINISH,496049,2025/8/27 7:27
dws_archive_flight_info,2025/8/27 7:18,2025/8/27 7:27,2025/8/27 7:19,FINISH,484777,2025/8/27 7:27
dws_archive_call_internet_info,2025/8/27 7:19,2025/8/27 7:36,2025/8/27 7:20,FINISH,958389,2025/8/27 7:36
ads_archive_im_statistics,2025/8/27 7:20,2025/8/27 7:31,2025/8/27 7:21,FINISH,615400,2025/8/27 7:31
dws_archive_virtual_target,2025/8/27 7:20,2025/8/27 7:32,2025/8/27 7:21,FINISH,623743,2025/8/27 7:31
dws_archive_attach_info,2025/8/27 7:20,2025/8/27 7:37,2025/8/27 7:21,FINISH,900536,2025/8/27 7:36
ads_stats_behavior_h,2025/8/27 7:20,2025/8/27 7:32,2025/8/27 7:22,FINISH,600688,2025/8/27 7:32
dws_archive_call_chat_info,2025/8/27 7:21,2025/8/27 7:36,2025/8/27 7:23,FINISH,767241,2025/8/27 7:35
dws_element_domain_region_day,2025/8/27 7:22,2025/8/27 7:31,2025/8/27 7:23,FINISH,493596,2025/8/27 7:31
dws_archive_high_freq_words,2025/8/27 7:22,2025/8/27 7:31,2025/8/27 7:23,FINISH,483069,2025/8/27 7:31
dwd_archive_voip_lis,2025/8/27 7:22,2025/8/27 7:32,2025/8/27 7:23,FINISH,553720,2025/8/27 7:32
dwd_archive_vpn_other_log,2025/8/27 7:23,2025/8/27 7:32,2025/8/27 7:24,FINISH,480629,2025/8/27 7:32
dws_t_app_info,2025/8/27 7:23,2025/8/27 7:34,2025/8/27 7:24,FINISH,594411,2025/8/27 7:34
dws_t_app_visit_h_top,2025/8/27 7:23,2025/8/27 7:32,2025/8/27 7:24,FINISH,497005,2025/8/27 7:32
dws_er_user_ip,2025/8/27 7:24,2025/8/27 7:39,2025/8/27 7:25,FINISH,837099,2025/8/27 7:39
dws_archive_app_theme_info,2025/8/27 7:24,2025/8/27 7:36,2025/8/27 7:25,FINISH,654217,2025/8/27 7:36
dwd_archive_email_lis,2025/8/27 7:25,2025/8/27 7:34,2025/8/27 7:26,FINISH,469970,2025/8/27 7:33
dwd_archive_im_lis,2025/8/27 7:26,2025/8/27 7:34,2025/8/27 7:27,FINISH,462823,2025/8/27 7:34
dws_archive_vpn_info_hour,2025/8/27 7:26,2025/8/27 7:37,2025/8/27 7:27,FINISH,600736,2025/8/27 7:37
ads_stats_blocking_h,2025/8/27 7:26,2025/8/27 7:35,2025/8/27 7:27,FINISH,457226,2025/8/27 7:35
dwd_archive_vpn_lis,2025/8/27 7:27,2025/8/27 7:35,2025/8/27 7:28,FINISH,447834,2025/8/27 7:35
dws_element_app_region_day,2025/8/27 7:27,2025/8/27 7:40,2025/8/27 7:28,FINISH,746589,2025/8/27 7:40
dws_e_user_group_info,2025/8/27 7:27,2025/8/27 7:38,2025/8/27 7:28,FINISH,626821,2025/8/27 7:38
dws_archive_web_theme_info,2025/8/27 7:28,2025/8/27 7:38,2025/8/27 7:29,FINISH,555119,2025/8/27 7:38
dwd_archive_vpn_url,2025/8/27 7:29,2025/8/27 7:38,2025/8/27 7:30,FINISH,446754,2025/8/27 7:37
dws_t_protocol_stats_h,2025/8/27 7:29,2025/8/27 7:48,2025/8/27 7:31,FINISH,989808,2025/8/27 7:47
dws_archive_connection_day,2025/8/27 7:29,2025/8/27 7:38,2025/8/27 7:30,FINISH,438351,2025/8/27 7:38
dws_archive_block_daily,2025/8/27 7:31,2025/8/27 7:39,2025/8/27 7:32,FINISH,429177,2025/8/27 7:39
dws_archive_nf_info_hour,2025/8/27 7:31,2025/8/27 7:41,2025/8/27 7:32,FINISH,533090,2025/8/27 7:41
dws_archive_radius_vir_hour,2025/8/27 7:32,2025/8/27 7:41,2025/8/27 7:33,FINISH,444990,2025/8/27 7:41
ads_stats_behavior_h_top,2025/8/27 7:33,2025/8/27 7:41,2025/8/27 7:34,FINISH,423649,2025/8/27 7:41
dws_archive_radius_app_hour,2025/8/27 7:34,2025/8/27 7:43,2025/8/27 7:35,FINISH,471848,2025/8/27 7:43
ads_archive_email_statistics,2025/8/27 7:35,2025/8/27 7:47,2025/8/27 7:36,FINISH,635711,2025/8/27 7:46
ads_archive_radius_statistics,2025/8/27 7:36,2025/8/27 7:46,2025/8/27 7:37,FINISH,516109,2025/8/27 7:46
dws_archive_call_behavior_day,2025/8/27 7:36,2025/8/27 7:44,2025/8/27 7:37,FINISH,422274,2025/8/27 7:44
dws_archive_app_behavior_hour,2025/8/27 7:37,2025/8/27 7:45,2025/8/27 7:38,FINISH,423769,2025/8/27 7:45
dws_archive_attach_day,2025/8/27 7:37,2025/8/27 7:45,2025/8/27 7:38,FINISH,411022,2025/8/27 7:45
dws_archive_radius_be_hour,2025/8/27 7:38,2025/8/27 7:47,2025/8/27 7:39,FINISH,419390,2025/8/27 7:46
dws_archive_call_app_hour,2025/8/27 7:38,2025/8/27 7:46,2025/8/27 7:39,FINISH,393367,2025/8/27 7:46
ads_archive_app_behavior_daily,2025/8/27 7:39,2025/8/27 7:48,2025/8/27 7:40,FINISH,500800,2025/8/27 7:48
ads_archive_web_imp_target,2025/8/27 7:39,2025/8/27 7:47,2025/8/27 7:40,FINISH,413019,2025/8/27 7:47
dws_archive_call_behavior_hour,2025/8/27 7:40,2025/8/27 7:51,2025/8/27 7:41,FINISH,558710,2025/8/27 7:51
ads_archive_app_imp_target,2025/8/27 7:40,2025/8/27 7:48,2025/8/27 7:41,FINISH,402536,2025/8/27 7:48
ads_archive_web_statistics,2025/8/27 7:41,2025/8/27 7:48,2025/8/27 7:42,FINISH,404712,2025/8/27 7:48
ads_archive_app_ip_daily,2025/8/27 7:42,2025/8/27 7:49,2025/8/27 7:43,FINISH,356760,2025/8/27 7:49
dws_archive_call_virtual_hour,2025/8/27 7:42,2025/8/27 7:49,2025/8/27 7:43,FINISH,359012,2025/8/27 7:49
ads_archive_web_ip_daily,2025/8/27 7:42,2025/8/27 7:49,2025/8/27 7:44,FINISH,350686,2025/8/27 7:49
ads_archive_app_statistics,2025/8/27 7:44,2025/8/27 7:50,2025/8/27 7:45,FINISH,289711,2025/8/27 7:50
ads_archive_call_statistics,2025/8/27 7:44,2025/8/27 7:52,2025/8/27 7:46,FINISH,393814,2025/8/27 7:52
dws_archive_web_behavior_hour,2025/8/27 7:44,2025/8/27 7:50,2025/8/27 7:46,FINISH,290680,2025/8/27 7:50
ads_archive_web_behavior_daily,2025/8/27 7:46,2025/8/27 7:52,2025/8/27 7:47,FINISH,283916,2025/8/27 7:52
ads_stats_detail_h,2025/8/27 7:48,2025/8/27 7:52,2025/8/27 7:49,FINISH,205848,2025/8/27 7:52
dws_element_virtual_stat,2025/8/27 8:02,2025/8/27 8:07,2025/8/27 8:02,FINISH,309969,2025/8/27 8:07
dwd_archive_fax,2025/8/27 8:06,2025/8/27 8:10,2025/8/27 8:06,FINISH,228328,2025/8/27 8:10
dws_archive_bank_info,2025/8/27 8:06,2025/8/27 8:10,2025/8/27 8:06,FINISH,205943,2025/8/27 8:09
dwd_archive_others_lis,2025/8/27 8:06,2025/8/27 8:18,2025/8/27 8:07,FINISH,649180,2025/8/27 8:17
dws_element_virtual_region_d,2025/8/27 8:07,2025/8/27 8:13,2025/8/27 8:07,FINISH,360516,2025/8/27 8:13
dws_e_mobile_radius_info,2025/8/27 8:08,2025/8/27 8:18,2025/8/27 8:08,FINISH,546881,2025/8/27 8:17
dws_e_fixed_radius_info,2025/8/27 8:09,2025/8/27 8:15,2025/8/27 8:09,FINISH,339655,2025/8/27 8:15
dws_t_app_visit_h,2025/8/27 8:10,2025/8/27 8:22,2025/8/27 8:10,FINISH,693426,2025/8/27 8:22
dws_e_fixed_ip_info,2025/8/27 8:10,2025/8/27 8:23,2025/8/27 8:11,FINISH,690758,2025/8/27 8:22
dwd_archive_remote_lis,2025/8/27 8:11,2025/8/27 8:18,2025/8/27 8:11,FINISH,421186,2025/8/27 8:18
dwd_archive_http_lis,2025/8/27 8:11,2025/8/27 8:20,2025/8/27 8:11,FINISH,521238,2025/8/27 8:20
dwd_archive_nf_other_log,2025/8/27 8:11,2025/8/27 8:25,2025/8/27 8:11,FINISH,791794,2025/8/27 8:24
dws_e_custom_user_info,2025/8/27 8:11,2025/8/27 8:26,2025/8/27 8:12,FINISH,855881,2025/8/27 8:26
dwd_archive_call,2025/8/27 8:12,2025/8/27 8:20,2025/8/27 8:12,FINISH,470119,2025/8/27 8:20
dws_archive_email_phone_extrat,2025/8/27 8:12,2025/8/27 8:20,2025/8/27 8:12,FINISH,442290,2025/8/27 8:20
dws_archive_email_behavior,2025/8/27 8:12,2025/8/27 8:24,2025/8/27 8:13,FINISH,652692,2025/8/27 8:23
dws_element_nf_protocol_info_h,2025/8/27 8:12,2025/8/27 8:26,2025/8/27 8:13,FINISH,805971,2025/8/27 8:26
dwd_archive_ftp_lis,2025/8/27 8:13,2025/8/27 8:22,2025/8/27 8:13,FINISH,486363,2025/8/27 8:22
dws_archive_email_nickname,2025/8/27 8:13,2025/8/27 8:24,2025/8/27 8:14,FINISH,606683,2025/8/27 8:24
dwd_archive_nf_url,2025/8/27 8:13,2025/8/27 8:25,2025/8/27 8:14,FINISH,665085,2025/8/27 8:25
dws_t_app_blocking_h,2025/8/27 8:13,2025/8/27 8:25,2025/8/27 8:14,FINISH,631240,2025/8/27 8:24
dws_archive_block_theme,2025/8/27 8:14,2025/8/27 8:25,2025/8/27 8:15,FINISH,631127,2025/8/27 8:25
dws_archive_radius_theme_info,2025/8/27 8:14,2025/8/27 8:32,2025/8/27 8:15,FINISH,975222,2025/8/27 8:31
dws_element_radius_auth_record,2025/8/27 8:15,2025/8/27 8:27,2025/8/27 8:16,FINISH,630991,2025/8/27 8:26
dws_archive_lis_info_hour,2025/8/27 8:15,2025/8/27 8:28,2025/8/27 8:16,FINISH,707145,2025/8/27 8:28
dws_archive_connect_info,2025/8/27 8:15,2025/8/27 8:26,2025/8/27 8:16,FINISH,600349,2025/8/27 8:26
dws_archive_email_password,2025/8/27 8:16,2025/8/27 8:25,2025/8/27 8:17,FINISH,493073,2025/8/27 8:25
dwd_archive_tool_lis,2025/8/27 8:16,2025/8/27 8:25,2025/8/27 8:17,FINISH,472777,2025/8/27 8:24
dwd_archive_sms,2025/8/27 8:17,2025/8/27 8:26,2025/8/27 8:18,FINISH,476546,2025/8/27 8:26
dws_archive_im_behavior,2025/8/27 8:17,2025/8/27 8:25,2025/8/27 8:18,FINISH,467531,2025/8/27 8:25
dws_element_phone_region_day,2025/8/27 8:17,2025/8/27 8:28,2025/8/27 8:18,FINISH,616036,2025/8/27 8:28
dws_archive_app_block_hour,2025/8/27 8:18,2025/8/27 8:27,2025/8/27 8:19,FINISH,476021,2025/8/27 8:27
dws_archive_flight_info,2025/8/27 8:18,2025/8/27 8:27,2025/8/27 8:19,FINISH,484723,2025/8/27 8:27
dws_archive_call_internet_info,2025/8/27 8:19,2025/8/27 8:32,2025/8/27 8:20,FINISH,711154,2025/8/27 8:32
ads_archive_im_statistics,2025/8/27 8:20,2025/8/27 8:31,2025/8/27 8:21,FINISH,591108,2025/8/27 8:31
dws_archive_virtual_target,2025/8/27 8:20,2025/8/27 8:32,2025/8/27 8:21,FINISH,600726,2025/8/27 8:31
dws_archive_attach_info,2025/8/27 8:20,2025/8/27 8:35,2025/8/27 8:21,FINISH,810058,2025/8/27 8:35
dws_archive_call_chat_info,2025/8/27 8:21,2025/8/27 8:35,2025/8/27 8:23,FINISH,712075,2025/8/27 8:34
dwd_archive_voip_lis,2025/8/27 8:22,2025/8/27 8:30,2025/8/27 8:23,FINISH,445130,2025/8/27 8:30
dws_element_domain_region_day,2025/8/27 8:22,2025/8/27 8:30,2025/8/27 8:23,FINISH,465619,2025/8/27 8:30
dws_archive_high_freq_words,2025/8/27 8:22,2025/8/27 8:30,2025/8/27 8:23,FINISH,462920,2025/8/27 8:30
dwd_archive_vpn_other_log,2025/8/27 8:23,2025/8/27 8:32,2025/8/27 8:24,FINISH,486522,2025/8/27 8:32
dws_t_app_info,2025/8/27 8:23,2025/8/27 8:34,2025/8/27 8:24,FINISH,610601,2025/8/27 8:34
ads_stats_behavior_h,2025/8/27 8:23,2025/8/27 8:32,2025/8/27 8:24,FINISH,476160,2025/8/27 8:32
dws_archive_app_theme_info,2025/8/27 8:24,2025/8/27 8:35,2025/8/27 8:25,FINISH,584364,2025/8/27 8:35
dwd_archive_email_lis,2025/8/27 8:25,2025/8/27 8:33,2025/8/27 8:26,FINISH,466148,2025/8/27 8:33
dws_t_app_visit_h_top,2025/8/27 8:25,2025/8/27 8:34,2025/8/27 8:26,FINISH,456623,2025/8/27 8:33
ads_stats_blocking_h,2025/8/27 8:25,2025/8/27 8:34,2025/8/27 8:27,FINISH,463474,2025/8/27 8:34
dwd_archive_im_lis,2025/8/27 8:26,2025/8/27 8:34,2025/8/27 8:27,FINISH,462665,2025/8/27 8:34
dws_archive_vpn_info_hour,2025/8/27 8:26,2025/8/27 8:36,2025/8/27 8:27,FINISH,568064,2025/8/27 8:36
dwd_archive_vpn_lis,2025/8/27 8:27,2025/8/27 8:35,2025/8/27 8:28,FINISH,449485,2025/8/27 8:35
dws_e_user_group_info,2025/8/27 8:27,2025/8/27 8:38,2025/8/27 8:28,FINISH,621838,2025/8/27 8:38
dws_element_app_region_day,2025/8/27 8:27,2025/8/27 8:38,2025/8/27 8:28,FINISH,601573,2025/8/27 8:38
dws_archive_connection_day,2025/8/27 8:27,2025/8/27 8:36,2025/8/27 8:28,FINISH,447972,2025/8/27 8:35
dws_er_user_ip,2025/8/27 8:27,2025/8/27 8:41,2025/8/27 8:28,FINISH,773869,2025/8/27 8:41
dws_archive_web_theme_info,2025/8/27 8:28,2025/8/27 8:38,2025/8/27 8:29,FINISH,546589,2025/8/27 8:38
dwd_archive_vpn_url,2025/8/27 8:29,2025/8/27 8:37,2025/8/27 8:30,FINISH,438814,2025/8/27 8:37
dws_t_protocol_stats_h,2025/8/27 8:29,2025/8/27 8:46,2025/8/27 8:30,FINISH,900539,2025/8/27 8:45
dws_archive_block_daily,2025/8/27 8:31,2025/8/27 8:39,2025/8/27 8:32,FINISH,424840,2025/8/27 8:39
dws_archive_nf_info_hour,2025/8/27 8:31,2025/8/27 8:41,2025/8/27 8:32,FINISH,543670,2025/8/27 8:41
dws_archive_radius_vir_hour,2025/8/27 8:32,2025/8/27 8:41,2025/8/27 8:33,FINISH,462249,2025/8/27 8:41
dws_archive_call_app_hour,2025/8/27 8:33,2025/8/27 8:42,2025/8/27 8:34,FINISH,525637,2025/8/27 8:42
ads_stats_behavior_h_top,2025/8/27 8:34,2025/8/27 8:43,2025/8/27 8:35,FINISH,450423,2025/8/27 8:43
dws_archive_radius_app_hour,2025/8/27 8:34,2025/8/27 8:43,2025/8/27 8:35,FINISH,446216,2025/8/27 8:43
dws_archive_call_virtual_hour,2025/8/27 8:35,2025/8/27 8:43,2025/8/27 8:35,FINISH,433267,2025/8/27 8:43
ads_archive_email_statistics,2025/8/27 8:35,2025/8/27 8:46,2025/8/27 8:36,FINISH,598435,2025/8/27 8:46
dws_archive_app_behavior_hour,2025/8/27 8:35,2025/8/27 8:44,2025/8/27 8:37,FINISH,417029,2025/8/27 8:43
dws_archive_attach_day,2025/8/27 8:35,2025/8/27 8:44,2025/8/27 8:36,FINISH,419919,2025/8/27 8:43
ads_archive_radius_statistics,2025/8/27 8:36,2025/8/27 8:46,2025/8/27 8:37,FINISH,508013,2025/8/27 8:46
dws_archive_call_behavior_day,2025/8/27 8:36,2025/8/27 8:44,2025/8/27 8:37,FINISH,404299,2025/8/27 8:44
ads_archive_app_behavior_daily,2025/8/27 8:37,2025/8/27 8:46,2025/8/27 8:38,FINISH,452972,2025/8/27 8:46
dws_archive_radius_be_hour,2025/8/27 8:38,2025/8/27 8:46,2025/8/27 8:39,FINISH,412043,2025/8/27 8:46
dws_archive_call_behavior_hour,2025/8/27 8:38,2025/8/27 8:48,2025/8/27 8:39,FINISH,496873,2025/8/27 8:48
ads_archive_web_imp_target,2025/8/27 8:39,2025/8/27 8:46,2025/8/27 8:40,FINISH,390935,2025/8/27 8:46
ads_archive_app_imp_target,2025/8/27 8:39,2025/8/27 8:47,2025/8/27 8:40,FINISH,384642,2025/8/27 8:47
ads_archive_call_statistics,2025/8/27 8:40,2025/8/27 8:51,2025/8/27 8:42,FINISH,543166,2025/8/27 8:51
ads_archive_web_statistics,2025/8/27 8:41,2025/8/27 8:48,2025/8/27 8:42,FINISH,365139,2025/8/27 8:48
ads_archive_app_ip_daily,2025/8/27 8:41,2025/8/27 8:49,2025/8/27 8:42,FINISH,408472,2025/8/27 8:49
ads_archive_web_ip_daily,2025/8/27 8:43,2025/8/27 8:49,2025/8/27 8:44,FINISH,303569,2025/8/27 8:49
ads_archive_app_statistics,2025/8/27 8:43,2025/8/27 8:49,2025/8/27 8:44,FINISH,280120,2025/8/27 8:49
dws_archive_web_behavior_hour,2025/8/27 8:44,2025/8/27 8:50,2025/8/27 8:45,FINISH,267302,2025/8/27 8:50
ads_archive_web_behavior_daily,2025/8/27 8:46,2025/8/27 8:51,2025/8/27 8:47,FINISH,249219,2025/8/27 8:51
ads_stats_detail_h,2025/8/27 8:46,2025/8/27 8:51,2025/8/27 8:47,FINISH,228707,2025/8/27 8:51
